#! /c/Source/iverilog-install/bin/vvp
:ivl_version "12.0 (devel)" "(s20150603-1110-g18392a46)";
:ivl_delay_selection "TYPICAL";
:vpi_time_precision - 12;
:vpi_module "C:\iverilog\lib\ivl\system.vpi";
:vpi_module "C:\iverilog\lib\ivl\vhdl_sys.vpi";
:vpi_module "C:\iverilog\lib\ivl\vhdl_textio.vpi";
:vpi_module "C:\iverilog\lib\ivl\v2005_math.vpi";
:vpi_module "C:\iverilog\lib\ivl\va_math.vpi";
:vpi_module "C:\iverilog\lib\ivl\v2009.vpi";
S_0000021f9bf62190 .scope package, "$unit" "$unit" 2 1;
 .timescale 0 0;
S_0000021f9bf634e0 .scope module, "tb_serial_system_bus" "tb_serial_system_bus" 3 16;
 .timescale -9 -12;
v0000021f9bfe3e50_0 .var "clk", 0 0;
v0000021f9bfe42b0_0 .var/i "errors", 31 0;
v0000021f9bfe5110_0 .var "rst", 0 0;
E_0000021f9bf318e0 .event anyedge, v0000021f9bea37f0_0;
E_0000021f9bf30f60 .event negedge, v0000021f9bea3250_0;
E_0000021f9bf31420 .event posedge, v0000021f9bea3250_0;
S_0000021f9bf63670 .scope task, "check_byte" "check_byte" 3 45, 3 45 0, S_0000021f9bf634e0;
 .timescale -9 -12;
v0000021f9bf247d0_0 .var "expected", 7 0;
v0000021f9bf23010_0 .var "got", 7 0;
v0000021f9bf236f0_0 .var "name", 127 0;
TD_tb_serial_system_bus.check_byte ;
    %load/vec4 v0000021f9bf23010_0;
    %load/vec4 v0000021f9bf247d0_0;
    %cmp/ne;
    %jmp/0xz  T_0.0, 6;
    %vpi_call/w 3 51 "$display", "FAIL: %0s got=%h expected=%h", v0000021f9bf236f0_0, v0000021f9bf23010_0, v0000021f9bf247d0_0 {0 0 0};
    %load/vec4 v0000021f9bfe42b0_0;
    %addi 1, 0, 32;
    %store/vec4 v0000021f9bfe42b0_0, 0, 32;
    %jmp T_0.1;
T_0.0 ;
    %vpi_call/w 3 54 "$display", "PASS: %0s == %h", v0000021f9bf236f0_0, v0000021f9bf23010_0 {0 0 0};
T_0.1 ;
    %end;
S_0000021f9bf63c00 .scope module, "dut" "serial_bus_top" 3 28, 4 18 0, S_0000021f9bf634e0;
 .timescale -9 -12;
    .port_info 0 /INPUT 1 "clk";
    .port_info 1 /INPUT 1 "rst";
P_0000021f9bee7870 .param/l "ADDR_W" 0 4 19, +C4<00000000000000000000000000001111>;
P_0000021f9bee78a8 .param/l "DATA_W" 0 4 20, +C4<00000000000000000000000000001000>;
P_0000021f9bee78e0 .param/l "NUM_SLAVES" 0 4 22, +C4<00000000000000000000000000000011>;
P_0000021f9bee7918 .param/l "RW" 0 4 21, +C4<00000000000000000000000000000001>;
L_0000021f9bf44e50 .functor BUFZ 1, v0000021f9bfde1f0_0, C4<0>, C4<0>, C4<0>;
v0000021f9bfde650_0 .net "addr_data_A", 0 0, L_0000021f9bfe3130;  1 drivers
v0000021f9bfde6f0_0 .net "addr_data_B", 0 0, L_0000021f9bfe6830;  1 drivers
v0000021f9bfde790_0 .net "addr_data_M0", 0 0, L_0000021f9bfe4a30;  1 drivers
v0000021f9bfdf0f0_0 .net "addr_data_M1", 0 0, L_0000021f9bfe4cb0;  1 drivers
v0000021f9bfde830_0 .net "addr_data_bus", 0 0, L_0000021f9bfe48f0;  1 drivers
v0000021f9bfde8d0_0 .net "addr_invalid", 0 0, v0000021f9bfb9f80_0;  1 drivers
v0000021f9bfdee70_0 .net "clk", 0 0, v0000021f9bfe3e50_0;  1 drivers
v0000021f9bfdef10_0 .net "ext_redirect", 0 0, v0000021f9bfb98a0_0;  1 drivers
v0000021f9bfdfff0_0 .net "frame_valid_A", 0 0, L_0000021f9bf44130;  1 drivers
v0000021f9bfe0770_0 .net "frame_valid_B", 0 0, L_0000021f9bf44d70;  1 drivers
v0000021f9bfe0bd0_0 .net "frame_valid_M0", 0 0, L_0000021f9bf44830;  1 drivers
v0000021f9bfdf7d0_0 .net "frame_valid_M1", 0 0, L_0000021f9bfe5570;  1 drivers
v0000021f9bfe0810_0 .net "grantA", 0 0, L_0000021f9bfe4490;  1 drivers
v0000021f9bfdfb90_0 .net "grantB", 0 0, L_0000021f9bfe3450;  1 drivers
v0000021f9bfe0e50_0 .net "grant_M0", 0 0, v0000021f9bfb9080_0;  1 drivers
v0000021f9bfe08b0_0 .net "grant_M1", 0 0, v0000021f9bfb9120_0;  1 drivers
v0000021f9bfdf910_0 .net "m1_sel", 0 0, L_0000021f9bf44e50;  1 drivers
L_0000021f9bfe7110 .functor BUFT 1, C4<1>, C4<0>, C4<0>, C4<0>;
v0000021f9bfe0310_0 .net "mreadyA", 0 0, L_0000021f9bfe7110;  1 drivers
L_0000021f9bfe74b8 .functor BUFT 1, C4<1>, C4<0>, C4<0>, C4<0>;
v0000021f9bfe09f0_0 .net "mreadyB", 0 0, L_0000021f9bfe74b8;  1 drivers
L_0000021f9bfe6fa8 .functor BUFT 1, C4<1>, C4<0>, C4<0>, C4<0>;
v0000021f9bfdfc30_0 .net "mready_M0", 0 0, L_0000021f9bfe6fa8;  1 drivers
v0000021f9bfe0950_0 .net "mready_M1", 0 0, L_0000021f9bfe3f90;  1 drivers
v0000021f9bfdff50_0 .net "mready_bus", 0 0, L_0000021f9bfe3590;  1 drivers
v0000021f9bfe0630_0 .net "rdata_A_ser", 0 0, L_0000021f9bf454e0;  1 drivers
v0000021f9bfdfcd0_0 .net "rdata_B_ser", 0 0, L_0000021f9bf43e20;  1 drivers
v0000021f9bfe06d0_0 .net "rdata_M0_ser", 0 0, L_0000021f9bf449f0;  1 drivers
v0000021f9bfe0a90_0 .net "rdata_M1_ser", 0 0, L_0000021f9bf43b80;  1 drivers
v0000021f9bfe03b0_0 .net "rdata_S0_ser", 0 0, L_0000021f9bfe6b50;  1 drivers
v0000021f9bfe0450_0 .net "rdata_S1_ser", 0 0, L_0000021f9bfe59d0;  1 drivers
v0000021f9bfdfd70_0 .net "rdata_S2_ser", 0 0, L_0000021f9bfe6470;  1 drivers
v0000021f9bfe0270_0 .net "reqA", 0 0, v0000021f9bfb85b0_0;  1 drivers
v0000021f9bfe0b30_0 .net "reqB", 0 0, v0000021f9bfde1f0_0;  1 drivers
v0000021f9bfe0c70_0 .net "req_M0", 0 0, v0000021f9bfb5420_0;  1 drivers
v0000021f9bfe0d10_0 .net "req_M1", 0 0, L_0000021f9bfe4f30;  1 drivers
v0000021f9bfdfeb0_0 .net "resume", 0 0, v0000021f9bfdb360_0;  1 drivers
v0000021f9bfdfaf0_0 .net "rst", 0 0, v0000021f9bfe5110_0;  1 drivers
v0000021f9bfe0090_0 .net "rvalidA", 0 0, L_0000021f9bfe4530;  1 drivers
v0000021f9bfe0130_0 .net "rvalidB", 0 0, L_0000021f9bfe3b30;  1 drivers
v0000021f9bfe04f0_0 .net "rvalid_M0", 0 0, L_0000021f9bf441a0;  1 drivers
v0000021f9bfe0db0_0 .net "rvalid_M1", 0 0, L_0000021f9bf44ec0;  1 drivers
v0000021f9bfdfa50_0 .net "rvalid_S0", 0 0, L_0000021f9bf45080;  1 drivers
v0000021f9bfe0590_0 .net "rvalid_S1", 0 0, L_0000021f9bf44440;  1 drivers
v0000021f9bfe01d0_0 .net "rvalid_S2", 0 0, L_0000021f9bf44280;  1 drivers
v0000021f9bfdf870_0 .net "slave_sel1", 0 0, v0000021f9bfba0c0_0;  1 drivers
v0000021f9bfdf9b0_0 .net "slave_sel2", 0 0, v0000021f9bfb9c60_0;  1 drivers
v0000021f9bfdfe10_0 .net "slave_sel3", 0 0, v0000021f9bfba200_0;  1 drivers
v0000021f9bfe5070_0 .net "split", 0 0, v0000021f9bfd9740_0;  1 drivers
v0000021f9bfe3270_0 .net "valid_bus", 0 0, L_0000021f9bfe4990;  1 drivers
S_0000021f9bf63d90 .scope module, "u_m1_select_mux" "m1_select_mux" 4 78, 5 16 0, S_0000021f9bf63c00;
 .timescale -9 -12;
    .port_info 0 /INPUT 1 "sel";
    .port_info 1 /INPUT 1 "reqA";
    .port_info 2 /OUTPUT 1 "grantA";
    .port_info 3 /INPUT 1 "addr_data_A";
    .port_info 4 /INPUT 1 "frame_valid_A";
    .port_info 5 /OUTPUT 1 "rdata_A_ser";
    .port_info 6 /INPUT 1 "mreadyA";
    .port_info 7 /OUTPUT 1 "rvalidA";
    .port_info 8 /INPUT 1 "reqB";
    .port_info 9 /OUTPUT 1 "grantB";
    .port_info 10 /INPUT 1 "addr_data_B";
    .port_info 11 /INPUT 1 "frame_valid_B";
    .port_info 12 /OUTPUT 1 "rdata_B_ser";
    .port_info 13 /INPUT 1 "mreadyB";
    .port_info 14 /OUTPUT 1 "rvalidB";
    .port_info 15 /OUTPUT 1 "req_m1";
    .port_info 16 /INPUT 1 "grant_m1";
    .port_info 17 /OUTPUT 1 "addr_data_m1";
    .port_info 18 /OUTPUT 1 "frame_valid_m1";
    .port_info 19 /INPUT 1 "rdata_m1_ser";
    .port_info 20 /OUTPUT 1 "mready_m1";
    .port_info 21 /INPUT 1 "rvalid_m1";
L_0000021f9bf454e0 .functor BUFZ 1, L_0000021f9bf43b80, C4<0>, C4<0>, C4<0>;
L_0000021f9bf43e20 .functor BUFZ 1, L_0000021f9bf43b80, C4<0>, C4<0>, C4<0>;
L_0000021f9bfe7278 .functor BUFT 1, C4<0>, C4<0>, C4<0>, C4<0>;
v0000021f9bf23fb0_0 .net/2u *"_ivl_10", 0 0, L_0000021f9bfe7278;  1 drivers
L_0000021f9bfe72c0 .functor BUFT 1, C4<0>, C4<0>, C4<0>, C4<0>;
v0000021f9bf23ab0_0 .net/2u *"_ivl_14", 0 0, L_0000021f9bfe72c0;  1 drivers
v0000021f9bf231f0_0 .net *"_ivl_23", 0 0, L_0000021f9bfe4850;  1 drivers
L_0000021f9bfe7308 .functor BUFT 1, C4<0>, C4<0>, C4<0>, C4<0>;
v0000021f9bf233d0_0 .net/2u *"_ivl_24", 0 0, L_0000021f9bfe7308;  1 drivers
L_0000021f9bfe7350 .functor BUFT 1, C4<0>, C4<0>, C4<0>, C4<0>;
v0000021f9bf23dd0_0 .net/2u *"_ivl_28", 0 0, L_0000021f9bfe7350;  1 drivers
v0000021f9bf24870_0 .net *"_ivl_9", 0 0, L_0000021f9bfe5610;  1 drivers
v0000021f9bf23f10_0 .net "addr_data_A", 0 0, L_0000021f9bfe3130;  alias, 1 drivers
v0000021f9bf23470_0 .net "addr_data_B", 0 0, L_0000021f9bfe6830;  alias, 1 drivers
v0000021f9bf23790_0 .net "addr_data_m1", 0 0, L_0000021f9bfe4cb0;  alias, 1 drivers
v0000021f9bf24050_0 .net "frame_valid_A", 0 0, L_0000021f9bf44130;  alias, 1 drivers
v0000021f9bf24410_0 .net "frame_valid_B", 0 0, L_0000021f9bf44d70;  alias, 1 drivers
v0000021f9bf23510_0 .net "frame_valid_m1", 0 0, L_0000021f9bfe5570;  alias, 1 drivers
v0000021f9bf23830_0 .net "grantA", 0 0, L_0000021f9bfe4490;  alias, 1 drivers
v0000021f9bf23b50_0 .net "grantB", 0 0, L_0000021f9bfe3450;  alias, 1 drivers
v0000021f9bf238d0_0 .net "grant_m1", 0 0, v0000021f9bfb9120_0;  alias, 1 drivers
v0000021f9bf24910_0 .net "mreadyA", 0 0, L_0000021f9bfe7110;  alias, 1 drivers
v0000021f9bf249b0_0 .net "mreadyB", 0 0, L_0000021f9bfe74b8;  alias, 1 drivers
v0000021f9bf22b10_0 .net "mready_m1", 0 0, L_0000021f9bfe3f90;  alias, 1 drivers
v0000021f9bf22bb0_0 .net "rdata_A_ser", 0 0, L_0000021f9bf454e0;  alias, 1 drivers
v0000021f9bf22c50_0 .net "rdata_B_ser", 0 0, L_0000021f9bf43e20;  alias, 1 drivers
v0000021f9bf22cf0_0 .net "rdata_m1_ser", 0 0, L_0000021f9bf43b80;  alias, 1 drivers
v0000021f9bf22e30_0 .net "reqA", 0 0, v0000021f9bfb85b0_0;  alias, 1 drivers
v0000021f9bf18130_0 .net "reqB", 0 0, v0000021f9bfde1f0_0;  alias, 1 drivers
v0000021f9bf181d0_0 .net "req_m1", 0 0, L_0000021f9bfe4f30;  alias, 1 drivers
v0000021f9bf17910_0 .net "rvalidA", 0 0, L_0000021f9bfe4530;  alias, 1 drivers
v0000021f9bf18270_0 .net "rvalidB", 0 0, L_0000021f9bfe3b30;  alias, 1 drivers
v0000021f9bf17b90_0 .net "rvalid_m1", 0 0, L_0000021f9bf44ec0;  alias, 1 drivers
v0000021f9bf18770_0 .net "sel", 0 0, L_0000021f9bf44e50;  alias, 1 drivers
L_0000021f9bfe4f30 .functor MUXZ 1, v0000021f9bfb85b0_0, v0000021f9bfde1f0_0, L_0000021f9bf44e50, C4<>;
L_0000021f9bfe4cb0 .functor MUXZ 1, L_0000021f9bfe3130, L_0000021f9bfe6830, L_0000021f9bf44e50, C4<>;
L_0000021f9bfe5570 .functor MUXZ 1, L_0000021f9bf44130, L_0000021f9bf44d70, L_0000021f9bf44e50, C4<>;
L_0000021f9bfe3f90 .functor MUXZ 1, L_0000021f9bfe7110, L_0000021f9bfe74b8, L_0000021f9bf44e50, C4<>;
L_0000021f9bfe5610 .reduce/nor L_0000021f9bf44e50;
L_0000021f9bfe4490 .functor MUXZ 1, L_0000021f9bfe7278, v0000021f9bfb9120_0, L_0000021f9bfe5610, C4<>;
L_0000021f9bfe3450 .functor MUXZ 1, L_0000021f9bfe72c0, v0000021f9bfb9120_0, L_0000021f9bf44e50, C4<>;
L_0000021f9bfe4850 .reduce/nor L_0000021f9bf44e50;
L_0000021f9bfe4530 .functor MUXZ 1, L_0000021f9bfe7308, L_0000021f9bf44ec0, L_0000021f9bfe4850, C4<>;
L_0000021f9bfe3b30 .functor MUXZ 1, L_0000021f9bfe7350, L_0000021f9bf44ec0, L_0000021f9bf44e50, C4<>;
S_0000021f9be3a6c0 .scope module, "u_master0" "master" 4 38, 6 1 0, S_0000021f9bf63c00;
 .timescale -9 -12;
    .port_info 0 /INPUT 1 "clk";
    .port_info 1 /INPUT 1 "rst";
    .port_info 2 /OUTPUT 1 "req_o";
    .port_info 3 /INPUT 1 "grant_i";
    .port_info 4 /OUTPUT 1 "addr_data_o";
    .port_info 5 /OUTPUT 1 "frame_valid_o";
    .port_info 6 /OUTPUT 1 "mready_o";
    .port_info 7 /INPUT 1 "rdata_ser_i";
    .port_info 8 /INPUT 1 "rvalid_i";
P_0000021f9beab510 .param/l "ACTIVE" 1 6 45, C4<011>;
P_0000021f9beab548 .param/l "ACTIVE_TIMEOUT" 0 6 13, +C4<00000000000000000000000000101000>;
P_0000021f9beab580 .param/l "ADDR_W" 0 6 2, +C4<00000000000000000000000000001111>;
P_0000021f9beab5b8 .param/l "BACKOFF" 1 6 46, C4<100>;
P_0000021f9beab5f0 .param/l "BACKOFF_DELAY" 0 6 14, +C4<00000000000000000000000000000101>;
P_0000021f9beab628 .param/l "DATA_W" 0 6 3, +C4<00000000000000000000000000001000>;
P_0000021f9beab660 .param/l "IDLE" 1 6 43, C4<001>;
P_0000021f9beab698 .param/l "NUM_TXN" 0 6 5, +C4<00000000000000000000000000001000>;
P_0000021f9beab6d0 .param/l "REQUEST" 1 6 44, C4<010>;
P_0000021f9beab708 .param/l "REQ_DELAY" 0 6 7, +C4<00000000000000000000000000000000>;
P_0000021f9beab740 .param/l "RW" 0 6 4, +C4<00000000000000000000000000000001>;
P_0000021f9beab778 .param/l "START_TXN" 0 6 6, +C4<00000000000000000000000000000000>;
P_0000021f9beab7b0 .param/l "WAIT" 1 6 42, C4<000>;
P_0000021f9beab7e8 .param/l "WRITE_DELAY" 0 6 24, +C4<00000000000000000000000000011010>;
L_0000021f9bf43f70 .functor AND 1, L_0000021f9bf44750, L_0000021f9bfe3090, C4<1>, C4<1>;
v0000021f9bfb6b40_0 .net *"_ivl_10", 4 0, L_0000021f9bfe4fd0;  1 drivers
L_0000021f9bfe7038 .functor BUFT 1, C4<00>, C4<0>, C4<0>, C4<0>;
v0000021f9bfb51a0_0 .net *"_ivl_13", 1 0, L_0000021f9bfe7038;  1 drivers
v0000021f9bfb68c0_0 .net *"_ivl_18", 4 0, L_0000021f9bfe5750;  1 drivers
v0000021f9bfb5380_0 .net *"_ivl_2", 14 0, L_0000021f9bfe51b0;  1 drivers
L_0000021f9bfe7080 .functor BUFT 1, C4<00>, C4<0>, C4<0>, C4<0>;
v0000021f9bfb6320_0 .net *"_ivl_21", 1 0, L_0000021f9bfe7080;  1 drivers
v0000021f9bfb57e0_0 .net *"_ivl_23", 0 0, L_0000021f9bfe3090;  1 drivers
v0000021f9bfb5ce0_0 .net *"_ivl_4", 4 0, L_0000021f9bfe4170;  1 drivers
L_0000021f9bfe6ff0 .functor BUFT 1, C4<00>, C4<0>, C4<0>, C4<0>;
v0000021f9bfb5560_0 .net *"_ivl_7", 1 0, L_0000021f9bfe6ff0;  1 drivers
v0000021f9bfb5920_0 .net *"_ivl_8", 0 0, L_0000021f9bfe3310;  1 drivers
v0000021f9bfb4fc0_0 .net "addr_data_o", 0 0, L_0000021f9bfe4a30;  alias, 1 drivers
v0000021f9bfb6c80 .array "addr_mem", 7 0, 14 0;
v0000021f9bfb5f60_0 .net "clk", 0 0, v0000021f9bfe3e50_0;  alias, 1 drivers
v0000021f9bfb5060_0 .var "delay_cnt", 31 0;
v0000021f9bfb63c0_0 .net "frame_valid_o", 0 0, L_0000021f9bf44830;  alias, 1 drivers
v0000021f9bfb60a0_0 .net "grant_i", 0 0, v0000021f9bfb9080_0;  alias, 1 drivers
v0000021f9bfb5100_0 .var/i "i", 31 0;
v0000021f9bfb6460_0 .net "mready_o", 0 0, L_0000021f9bfe6fa8;  alias, 1 drivers
v0000021f9bfb6140 .array "rdata_mem", 7 0, 7 0;
v0000021f9bfb6d20_0 .net "rdata_par", 7 0, L_0000021f9bf45320;  1 drivers
v0000021f9bfb6500_0 .net "rdata_ser_i", 0 0, L_0000021f9bf449f0;  alias, 1 drivers
v0000021f9bfb5420_0 .var "req_o", 0 0;
v0000021f9bfb54c0_0 .net "rst", 0 0, v0000021f9bfe5110_0;  alias, 1 drivers
v0000021f9bfb5ba0_0 .net "rvalid_i", 0 0, L_0000021f9bf441a0;  alias, 1 drivers
v0000021f9bfb65a0_0 .net "rvalid_par", 0 0, L_0000021f9bf44750;  1 drivers
v0000021f9bfb5600_0 .var "rvalid_par_d", 0 0;
v0000021f9bfb5740_0 .net "rvalid_par_pulse", 0 0, L_0000021f9bf43f70;  1 drivers
v0000021f9bfb5880_0 .var "state", 2 0;
v0000021f9bfb6640_0 .var "timeout_cnt", 31 0;
v0000021f9bfb5c40_0 .var "tx_ptr", 2 0;
v0000021f9bfb59c0_0 .var "tx_start", 0 0;
v0000021f9bfb5a60 .array "wdata_mem", 7 0, 7 0;
v0000021f9bfb5d80 .array "we_mem", 7 0, 0 0;
L_0000021f9bfe51b0 .array/port v0000021f9bfb6c80, L_0000021f9bfe4170;
L_0000021f9bfe4170 .concat [ 3 2 0 0], v0000021f9bfb5c40_0, L_0000021f9bfe6ff0;
L_0000021f9bfe3310 .array/port v0000021f9bfb5d80, L_0000021f9bfe4fd0;
L_0000021f9bfe4fd0 .concat [ 3 2 0 0], v0000021f9bfb5c40_0, L_0000021f9bfe7038;
L_0000021f9bfe31d0 .concat [ 1 15 0 0], L_0000021f9bfe3310, L_0000021f9bfe51b0;
L_0000021f9bfe4710 .array/port v0000021f9bfb5a60, L_0000021f9bfe5750;
L_0000021f9bfe5750 .concat [ 3 2 0 0], v0000021f9bfb5c40_0, L_0000021f9bfe7080;
L_0000021f9bfe3090 .reduce/nor v0000021f9bfb5600_0;
S_0000021f9be946b0 .scope module, "u_addr_serializer" "addr_serializer" 6 77, 7 13 0, S_0000021f9be3a6c0;
 .timescale -9 -12;
    .port_info 0 /INPUT 1 "clk";
    .port_info 1 /INPUT 1 "rst_n";
    .port_info 2 /INPUT 16 "addr_i";
    .port_info 3 /INPUT 8 "wdata_i";
    .port_info 4 /INPUT 1 "valid_i";
    .port_info 5 /OUTPUT 1 "serial_out";
    .port_info 6 /OUTPUT 1 "frame_valid_out";
P_0000021f9bf49de0 .param/l "ADDR_W" 0 7 14, +C4<00000000000000000000000000001111>;
P_0000021f9bf49e18 .param/l "CNT_W" 1 7 30, +C4<00000000000000000000000000000101>;
P_0000021f9bf49e50 .param/l "DATA_W" 0 7 16, +C4<00000000000000000000000000001000>;
P_0000021f9bf49e88 .param/l "FRAME_W" 0 7 17, +C4<0000000000000000000000000000011000>;
P_0000021f9bf49ec0 .param/l "RW" 0 7 15, +C4<00000000000000000000000000000001>;
L_0000021f9bf44600 .functor AND 1, v0000021f9bfb59c0_0, L_0000021f9bfe54d0, C4<1>, C4<1>;
L_0000021f9bf44830 .functor BUFZ 1, L_0000021f9bf44600, C4<0>, C4<0>, C4<0>;
v0000021f9bf18e50_0 .net *"_ivl_11", 0 0, L_0000021f9bfe4e90;  1 drivers
v0000021f9bf19030_0 .net *"_ivl_9", 0 0, L_0000021f9bfe3db0;  1 drivers
v0000021f9bf18ef0_0 .net "addr_i", 15 0, L_0000021f9bfe31d0;  1 drivers
v0000021f9bf172d0_0 .var "bit_counter", 4 0;
v0000021f9bea3250_0 .net "clk", 0 0, v0000021f9bfe3e50_0;  alias, 1 drivers
v0000021f9bea2990_0 .net "frame_in", 23 0, L_0000021f9bfe3c70;  1 drivers
v0000021f9bea32f0_0 .net "frame_valid_out", 0 0, L_0000021f9bf44830;  alias, 1 drivers
v0000021f9bea36b0_0 .net "idle", 0 0, L_0000021f9bfe54d0;  1 drivers
v0000021f9bea37f0_0 .net "rst_n", 0 0, v0000021f9bfe5110_0;  alias, 1 drivers
v0000021f9bea39d0_0 .net "serial_out", 0 0, L_0000021f9bfe4a30;  alias, 1 drivers
v0000021f9bea3c50_0 .var "shift_reg", 23 0;
v0000021f9bea1db0_0 .net "start", 0 0, L_0000021f9bf44600;  1 drivers
v0000021f9bea1e50_0 .var "transmitting", 0 0;
v0000021f9bea1f90_0 .net "valid_i", 0 0, v0000021f9bfb59c0_0;  1 drivers
v0000021f9bfb6a00_0 .net "wdata_i", 7 0, L_0000021f9bfe4710;  1 drivers
E_0000021f9bf31560/0 .event negedge, v0000021f9bea37f0_0;
E_0000021f9bf31560/1 .event posedge, v0000021f9bea3250_0;
E_0000021f9bf31560 .event/or E_0000021f9bf31560/0, E_0000021f9bf31560/1;
L_0000021f9bfe3c70 .concat [ 8 16 0 0], L_0000021f9bfe4710, L_0000021f9bfe31d0;
L_0000021f9bfe54d0 .reduce/nor v0000021f9bea1e50_0;
L_0000021f9bfe3db0 .part L_0000021f9bfe3c70, 23, 1;
L_0000021f9bfe4e90 .part v0000021f9bea3c50_0, 23, 1;
L_0000021f9bfe4a30 .functor MUXZ 1, L_0000021f9bfe4e90, L_0000021f9bfe3db0, L_0000021f9bf44600, C4<>;
S_0000021f9be94840 .scope module, "u_deserializer" "deserializer" 6 98, 8 1 0, S_0000021f9be3a6c0;
 .timescale -9 -12;
    .port_info 0 /INPUT 1 "clk_in";
    .port_info 1 /INPUT 1 "rst_n";
    .port_info 2 /INPUT 1 "serial_in";
    .port_info 3 /INPUT 1 "data_valid_in";
    .port_info 4 /OUTPUT 8 "data_out";
    .port_info 5 /OUTPUT 1 "data_valid";
L_0000021f9bf44750 .functor AND 1, L_0000021f9bfe43f0, L_0000021f9bfe45d0, C4<1>, C4<1>;
L_0000021f9bf45320 .functor BUFZ 8, v0000021f9bfb56a0_0, C4<00000000>, C4<00000000>, C4<00000000>;
v0000021f9bfb6aa0_0 .net *"_ivl_1", 0 0, L_0000021f9bfe43f0;  1 drivers
L_0000021f9bfe70c8 .functor BUFT 1, C4<111>, C4<0>, C4<0>, C4<0>;
v0000021f9bfb5b00_0 .net/2u *"_ivl_2", 2 0, L_0000021f9bfe70c8;  1 drivers
v0000021f9bfb6be0_0 .net *"_ivl_4", 0 0, L_0000021f9bfe45d0;  1 drivers
v0000021f9bfb52e0_0 .var "bit_counter", 2 0;
v0000021f9bfb66e0_0 .net "clk_in", 0 0, v0000021f9bfe3e50_0;  alias, 1 drivers
v0000021f9bfb5240_0 .net "data_out", 7 0, L_0000021f9bf45320;  alias, 1 drivers
v0000021f9bfb5ec0_0 .net "data_valid", 0 0, L_0000021f9bf44750;  alias, 1 drivers
v0000021f9bfb4f20_0 .net "data_valid_in", 0 0, L_0000021f9bf441a0;  alias, 1 drivers
v0000021f9bfb5e20_0 .var "receiving", 0 0;
v0000021f9bfb6960_0 .net "rst_n", 0 0, v0000021f9bfe5110_0;  alias, 1 drivers
v0000021f9bfb6dc0_0 .net "serial_in", 0 0, L_0000021f9bf449f0;  alias, 1 drivers
v0000021f9bfb56a0_0 .var "shift_reg", 7 0;
L_0000021f9bfe43f0 .reduce/nor v0000021f9bfb5e20_0;
L_0000021f9bfe45d0 .cmp/eq 3, v0000021f9bfb52e0_0, L_0000021f9bfe70c8;
S_0000021f9be949d0 .scope module, "u_master1" "master" 4 66, 6 1 0, S_0000021f9bf63c00;
 .timescale -9 -12;
    .port_info 0 /INPUT 1 "clk";
    .port_info 1 /INPUT 1 "rst";
    .port_info 2 /OUTPUT 1 "req_o";
    .port_info 3 /INPUT 1 "grant_i";
    .port_info 4 /OUTPUT 1 "addr_data_o";
    .port_info 5 /OUTPUT 1 "frame_valid_o";
    .port_info 6 /OUTPUT 1 "mready_o";
    .port_info 7 /INPUT 1 "rdata_ser_i";
    .port_info 8 /INPUT 1 "rvalid_i";
P_0000021f9beabb50 .param/l "ACTIVE" 1 6 45, C4<011>;
P_0000021f9beabb88 .param/l "ACTIVE_TIMEOUT" 0 6 13, +C4<00000000000000000000000000101000>;
P_0000021f9beabbc0 .param/l "ADDR_W" 0 6 2, +C4<00000000000000000000000000001111>;
P_0000021f9beabbf8 .param/l "BACKOFF" 1 6 46, C4<100>;
P_0000021f9beabc30 .param/l "BACKOFF_DELAY" 0 6 14, +C4<00000000000000000000000000000101>;
P_0000021f9beabc68 .param/l "DATA_W" 0 6 3, +C4<00000000000000000000000000001000>;
P_0000021f9beabca0 .param/l "IDLE" 1 6 43, C4<001>;
P_0000021f9beabcd8 .param/l "NUM_TXN" 0 6 5, +C4<00000000000000000000000000001000>;
P_0000021f9beabd10 .param/l "REQUEST" 1 6 44, C4<010>;
P_0000021f9beabd48 .param/l "REQ_DELAY" 0 6 7, +C4<00000000000000000000000000000000>;
P_0000021f9beabd80 .param/l "RW" 0 6 4, +C4<00000000000000000000000000000001>;
P_0000021f9beabdb8 .param/l "START_TXN" 0 6 6, +C4<00000000000000000000000000000000>;
P_0000021f9beabdf0 .param/l "WAIT" 1 6 42, C4<000>;
P_0000021f9beabe28 .param/l "WRITE_DELAY" 0 6 24, +C4<00000000000000000000000000011010>;
L_0000021f9bf44360 .functor AND 1, L_0000021f9bf45470, L_0000021f9bfe38b0, C4<1>, C4<1>;
v0000021f9bfb7570_0 .net *"_ivl_10", 4 0, L_0000021f9bfe4c10;  1 drivers
L_0000021f9bfe71a0 .functor BUFT 1, C4<00>, C4<0>, C4<0>, C4<0>;
v0000021f9bfb8150_0 .net *"_ivl_13", 1 0, L_0000021f9bfe71a0;  1 drivers
v0000021f9bfb81f0_0 .net *"_ivl_18", 4 0, L_0000021f9bfe5430;  1 drivers
v0000021f9bfb8330_0 .net *"_ivl_2", 14 0, L_0000021f9bfe2ff0;  1 drivers
L_0000021f9bfe71e8 .functor BUFT 1, C4<00>, C4<0>, C4<0>, C4<0>;
v0000021f9bfb86f0_0 .net *"_ivl_21", 1 0, L_0000021f9bfe71e8;  1 drivers
v0000021f9bfb8010_0 .net *"_ivl_23", 0 0, L_0000021f9bfe38b0;  1 drivers
v0000021f9bfb7e30_0 .net *"_ivl_4", 4 0, L_0000021f9bfe47b0;  1 drivers
L_0000021f9bfe7158 .functor BUFT 1, C4<00>, C4<0>, C4<0>, C4<0>;
v0000021f9bfb8dd0_0 .net *"_ivl_7", 1 0, L_0000021f9bfe7158;  1 drivers
v0000021f9bfb7110_0 .net *"_ivl_8", 0 0, L_0000021f9bfe33b0;  1 drivers
v0000021f9bfb8830_0 .net "addr_data_o", 0 0, L_0000021f9bfe3130;  alias, 1 drivers
v0000021f9bfb71b0 .array "addr_mem", 7 0, 14 0;
v0000021f9bfb7250_0 .net "clk", 0 0, v0000021f9bfe3e50_0;  alias, 1 drivers
v0000021f9bfb7610_0 .var "delay_cnt", 31 0;
v0000021f9bfb76b0_0 .net "frame_valid_o", 0 0, L_0000021f9bf44130;  alias, 1 drivers
v0000021f9bfb6f30_0 .net "grant_i", 0 0, L_0000021f9bfe4490;  alias, 1 drivers
v0000021f9bfb7ed0_0 .var/i "i", 31 0;
v0000021f9bfb7f70_0 .net "mready_o", 0 0, L_0000021f9bfe7110;  alias, 1 drivers
v0000021f9bfb8290 .array "rdata_mem", 7 0, 7 0;
v0000021f9bfb8470_0 .net "rdata_par", 7 0, L_0000021f9bf44210;  1 drivers
v0000021f9bfb8a10_0 .net "rdata_ser_i", 0 0, L_0000021f9bf454e0;  alias, 1 drivers
v0000021f9bfb85b0_0 .var "req_o", 0 0;
v0000021f9bfb8510_0 .net "rst", 0 0, v0000021f9bfe5110_0;  alias, 1 drivers
v0000021f9bfb8ab0_0 .net "rvalid_i", 0 0, L_0000021f9bfe4530;  alias, 1 drivers
v0000021f9bfb8b50_0 .net "rvalid_par", 0 0, L_0000021f9bf45470;  1 drivers
v0000021f9bfb8bf0_0 .var "rvalid_par_d", 0 0;
v0000021f9bfb8c90_0 .net "rvalid_par_pulse", 0 0, L_0000021f9bf44360;  1 drivers
v0000021f9bfb8d30_0 .var "state", 2 0;
v0000021f9bfb9620_0 .var "timeout_cnt", 31 0;
v0000021f9bfb9e40_0 .var "tx_ptr", 2 0;
v0000021f9bfb9bc0_0 .var "tx_start", 0 0;
v0000021f9bfbaac0 .array "wdata_mem", 7 0, 7 0;
v0000021f9bfbac00 .array "we_mem", 7 0, 0 0;
L_0000021f9bfe2ff0 .array/port v0000021f9bfb71b0, L_0000021f9bfe47b0;
L_0000021f9bfe47b0 .concat [ 3 2 0 0], v0000021f9bfb9e40_0, L_0000021f9bfe7158;
L_0000021f9bfe33b0 .array/port v0000021f9bfbac00, L_0000021f9bfe4c10;
L_0000021f9bfe4c10 .concat [ 3 2 0 0], v0000021f9bfb9e40_0, L_0000021f9bfe71a0;
L_0000021f9bfe52f0 .concat [ 1 15 0 0], L_0000021f9bfe33b0, L_0000021f9bfe2ff0;
L_0000021f9bfe5390 .array/port v0000021f9bfbaac0, L_0000021f9bfe5430;
L_0000021f9bfe5430 .concat [ 3 2 0 0], v0000021f9bfb9e40_0, L_0000021f9bfe71e8;
L_0000021f9bfe38b0 .reduce/nor v0000021f9bfb8bf0_0;
S_0000021f9be4b8b0 .scope module, "u_addr_serializer" "addr_serializer" 6 77, 7 13 0, S_0000021f9be949d0;
 .timescale -9 -12;
    .port_info 0 /INPUT 1 "clk";
    .port_info 1 /INPUT 1 "rst_n";
    .port_info 2 /INPUT 16 "addr_i";
    .port_info 3 /INPUT 8 "wdata_i";
    .port_info 4 /INPUT 1 "valid_i";
    .port_info 5 /OUTPUT 1 "serial_out";
    .port_info 6 /OUTPUT 1 "frame_valid_out";
P_0000021f9bf4b460 .param/l "ADDR_W" 0 7 14, +C4<00000000000000000000000000001111>;
P_0000021f9bf4b498 .param/l "CNT_W" 1 7 30, +C4<00000000000000000000000000000101>;
P_0000021f9bf4b4d0 .param/l "DATA_W" 0 7 16, +C4<00000000000000000000000000001000>;
P_0000021f9bf4b508 .param/l "FRAME_W" 0 7 17, +C4<0000000000000000000000000000011000>;
P_0000021f9bf4b540 .param/l "RW" 0 7 15, +C4<00000000000000000000000000000001>;
L_0000021f9bf456a0 .functor AND 1, v0000021f9bfb9bc0_0, L_0000021f9bfe5250, C4<1>, C4<1>;
L_0000021f9bf44130 .functor BUFZ 1, L_0000021f9bf456a0, C4<0>, C4<0>, C4<0>;
v0000021f9bfb61e0_0 .net *"_ivl_11", 0 0, L_0000021f9bfe4d50;  1 drivers
v0000021f9bfb6780_0 .net *"_ivl_9", 0 0, L_0000021f9bfe4ad0;  1 drivers
v0000021f9bfb6820_0 .net "addr_i", 15 0, L_0000021f9bfe52f0;  1 drivers
v0000021f9bfb6280_0 .var "bit_counter", 4 0;
v0000021f9bfb74d0_0 .net "clk", 0 0, v0000021f9bfe3e50_0;  alias, 1 drivers
v0000021f9bfb7cf0_0 .net "frame_in", 23 0, L_0000021f9bfe4210;  1 drivers
v0000021f9bfb77f0_0 .net "frame_valid_out", 0 0, L_0000021f9bf44130;  alias, 1 drivers
v0000021f9bfb8970_0 .net "idle", 0 0, L_0000021f9bfe5250;  1 drivers
v0000021f9bfb72f0_0 .net "rst_n", 0 0, v0000021f9bfe5110_0;  alias, 1 drivers
v0000021f9bfb7890_0 .net "serial_out", 0 0, L_0000021f9bfe3130;  alias, 1 drivers
v0000021f9bfb8650_0 .var "shift_reg", 23 0;
v0000021f9bfb7930_0 .net "start", 0 0, L_0000021f9bf456a0;  1 drivers
v0000021f9bfb7390_0 .var "transmitting", 0 0;
v0000021f9bfb79d0_0 .net "valid_i", 0 0, v0000021f9bfb9bc0_0;  1 drivers
v0000021f9bfb7a70_0 .net "wdata_i", 7 0, L_0000021f9bfe5390;  1 drivers
L_0000021f9bfe4210 .concat [ 8 16 0 0], L_0000021f9bfe5390, L_0000021f9bfe52f0;
L_0000021f9bfe5250 .reduce/nor v0000021f9bfb7390_0;
L_0000021f9bfe4ad0 .part L_0000021f9bfe4210, 23, 1;
L_0000021f9bfe4d50 .part v0000021f9bfb8650_0, 23, 1;
L_0000021f9bfe3130 .functor MUXZ 1, L_0000021f9bfe4d50, L_0000021f9bfe4ad0, L_0000021f9bf456a0, C4<>;
S_0000021f9be4ba40 .scope module, "u_deserializer" "deserializer" 6 98, 8 1 0, S_0000021f9be949d0;
 .timescale -9 -12;
    .port_info 0 /INPUT 1 "clk_in";
    .port_info 1 /INPUT 1 "rst_n";
    .port_info 2 /INPUT 1 "serial_in";
    .port_info 3 /INPUT 1 "data_valid_in";
    .port_info 4 /OUTPUT 8 "data_out";
    .port_info 5 /OUTPUT 1 "data_valid";
L_0000021f9bf45470 .functor AND 1, L_0000021f9bfe4350, L_0000021f9bfe36d0, C4<1>, C4<1>;
L_0000021f9bf44210 .functor BUFZ 8, v0000021f9bfb7070_0, C4<00000000>, C4<00000000>, C4<00000000>;
v0000021f9bfb88d0_0 .net *"_ivl_1", 0 0, L_0000021f9bfe4350;  1 drivers
L_0000021f9bfe7230 .functor BUFT 1, C4<111>, C4<0>, C4<0>, C4<0>;
v0000021f9bfb7b10_0 .net/2u *"_ivl_2", 2 0, L_0000021f9bfe7230;  1 drivers
v0000021f9bfb7750_0 .net *"_ivl_4", 0 0, L_0000021f9bfe36d0;  1 drivers
v0000021f9bfb6fd0_0 .var "bit_counter", 2 0;
v0000021f9bfb7bb0_0 .net "clk_in", 0 0, v0000021f9bfe3e50_0;  alias, 1 drivers
v0000021f9bfb8790_0 .net "data_out", 7 0, L_0000021f9bf44210;  alias, 1 drivers
v0000021f9bfb7c50_0 .net "data_valid", 0 0, L_0000021f9bf45470;  alias, 1 drivers
v0000021f9bfb7430_0 .net "data_valid_in", 0 0, L_0000021f9bfe4530;  alias, 1 drivers
v0000021f9bfb80b0_0 .var "receiving", 0 0;
v0000021f9bfb7d90_0 .net "rst_n", 0 0, v0000021f9bfe5110_0;  alias, 1 drivers
v0000021f9bfb83d0_0 .net "serial_in", 0 0, L_0000021f9bf454e0;  alias, 1 drivers
v0000021f9bfb7070_0 .var "shift_reg", 7 0;
L_0000021f9bfe4350 .reduce/nor v0000021f9bfb80b0_0;
L_0000021f9bfe36d0 .cmp/eq 3, v0000021f9bfb6fd0_0, L_0000021f9bfe7230;
S_0000021f9be31030 .scope module, "u_serial_system_bus" "serial_system_bus" 4 121, 9 1 0, S_0000021f9bf63c00;
 .timescale -9 -12;
    .port_info 0 /INPUT 1 "clk";
    .port_info 1 /INPUT 1 "rst";
    .port_info 2 /INPUT 1 "req_M0";
    .port_info 3 /OUTPUT 1 "grant_M0";
    .port_info 4 /INPUT 1 "addr_data_M0";
    .port_info 5 /INPUT 1 "frame_valid_M0";
    .port_info 6 /OUTPUT 1 "rdata_M0_ser";
    .port_info 7 /INPUT 1 "mready_M0";
    .port_info 8 /OUTPUT 1 "rvalid_M0";
    .port_info 9 /INPUT 1 "req_M1";
    .port_info 10 /OUTPUT 1 "grant_M1";
    .port_info 11 /INPUT 1 "addr_data_M1";
    .port_info 12 /INPUT 1 "frame_valid_M1";
    .port_info 13 /OUTPUT 1 "rdata_M1_ser";
    .port_info 14 /INPUT 1 "mready_M1";
    .port_info 15 /OUTPUT 1 "rvalid_M1";
    .port_info 16 /OUTPUT 1 "slave_sel1";
    .port_info 17 /OUTPUT 1 "slave_sel2";
    .port_info 18 /OUTPUT 1 "slave_sel3";
    .port_info 19 /OUTPUT 1 "ext_redirect";
    .port_info 20 /OUTPUT 1 "addr_invalid";
    .port_info 21 /OUTPUT 1 "addr_data_bus";
    .port_info 22 /OUTPUT 1 "valid_bus";
    .port_info 23 /OUTPUT 1 "mready_bus";
    .port_info 24 /INPUT 1 "rdata_S0_ser";
    .port_info 25 /INPUT 1 "rvalid_S0";
    .port_info 26 /INPUT 1 "rdata_S1_ser";
    .port_info 27 /INPUT 1 "rvalid_S1";
    .port_info 28 /INPUT 1 "rdata_S2_ser";
    .port_info 29 /INPUT 1 "rvalid_S2";
    .port_info 30 /INPUT 1 "split";
    .port_info 31 /INPUT 1 "resume";
P_0000021f9be311c0 .param/l "ADDR_W" 0 9 2, +C4<00000000000000000000000000001111>;
P_0000021f9be311f8 .param/l "DATA_W" 0 9 3, +C4<00000000000000000000000000001000>;
P_0000021f9be31230 .param/l "NUM_SLAVES" 0 9 5, +C4<00000000000000000000000000000011>;
P_0000021f9be31268 .param/l "RW" 0 9 4, +C4<00000000000000000000000000000001>;
L_0000021f9bf444b0 .functor BUFZ 1, L_0000021f9bfe4990, C4<0>, C4<0>, C4<0>;
L_0000021f9bf449f0 .functor BUFZ 1, L_0000021f9bfe4030, C4<0>, C4<0>, C4<0>;
L_0000021f9bf43b80 .functor BUFZ 1, L_0000021f9bfe4030, C4<0>, C4<0>, C4<0>;
L_0000021f9bf43c60 .functor AND 1, L_0000021f9bfe3810, v0000021f9bfb9080_0, C4<1>, C4<1>;
L_0000021f9bf45550 .functor AND 1, v0000021f9bfdb360_0, L_0000021f9bfe3a90, C4<1>, C4<1>;
L_0000021f9bf441a0 .functor OR 1, L_0000021f9bf43c60, L_0000021f9bf45550, C4<0>, C4<0>;
L_0000021f9bf455c0 .functor AND 1, L_0000021f9bfe3810, v0000021f9bfb9120_0, C4<1>, C4<1>;
L_0000021f9bf43cd0 .functor AND 1, v0000021f9bfdb360_0, v0000021f9bfb91c0_0, C4<1>, C4<1>;
L_0000021f9bf44ec0 .functor OR 1, L_0000021f9bf455c0, L_0000021f9bf43cd0, C4<0>, C4<0>;
v0000021f9bfcc040_0 .net *"_ivl_11", 0 0, L_0000021f9bfe3a90;  1 drivers
v0000021f9bfcbdc0_0 .net *"_ivl_13", 0 0, L_0000021f9bf45550;  1 drivers
v0000021f9bfcb500_0 .net *"_ivl_17", 0 0, L_0000021f9bf455c0;  1 drivers
v0000021f9bfcb6e0_0 .net *"_ivl_19", 0 0, L_0000021f9bf43cd0;  1 drivers
v0000021f9bfcbbe0_0 .net *"_ivl_9", 0 0, L_0000021f9bf43c60;  1 drivers
v0000021f9bfcb140_0 .net "addr_data_M0", 0 0, L_0000021f9bfe4a30;  alias, 1 drivers
v0000021f9bfcb780_0 .net "addr_data_M1", 0 0, L_0000021f9bfe4cb0;  alias, 1 drivers
v0000021f9bfcbd20_0 .net "addr_data_bus", 0 0, L_0000021f9bfe48f0;  alias, 1 drivers
v0000021f9bfcb640_0 .net "addr_invalid", 0 0, v0000021f9bfb9f80_0;  alias, 1 drivers
v0000021f9bfcc360_0 .net "addr_sel", 0 0, v0000021f9bfba840_0;  1 drivers
v0000021f9bfcc0e0_0 .net "clk", 0 0, v0000021f9bfe3e50_0;  alias, 1 drivers
v0000021f9bfcc180_0 .net "ctr_sel", 0 0, v0000021f9bfba8e0_0;  1 drivers
v0000021f9bfcc220_0 .net "data_sel", 0 0, v0000021f9bfb8fe0_0;  1 drivers
v0000021f9bfcc9a0_0 .net "ext_redirect", 0 0, v0000021f9bfb98a0_0;  alias, 1 drivers
v0000021f9bfcc680_0 .net "frame_valid_M0", 0 0, L_0000021f9bf44830;  alias, 1 drivers
v0000021f9bfccae0_0 .net "frame_valid_M1", 0 0, L_0000021f9bfe5570;  alias, 1 drivers
v0000021f9bfccb80_0 .net "grant_M0", 0 0, v0000021f9bfb9080_0;  alias, 1 drivers
v0000021f9bfcccc0_0 .net "grant_M1", 0 0, v0000021f9bfb9120_0;  alias, 1 drivers
v0000021f9bfccd60_0 .net "mready_M0", 0 0, L_0000021f9bfe6fa8;  alias, 1 drivers
v0000021f9bfcb000_0 .net "mready_M1", 0 0, L_0000021f9bfe3f90;  alias, 1 drivers
v0000021f9bfcf740_0 .net "mready_bus", 0 0, L_0000021f9bfe3590;  alias, 1 drivers
v0000021f9bfcfa60_0 .net "parked_id", 0 0, v0000021f9bfb91c0_0;  1 drivers
v0000021f9bfcfd80_0 .net "rdata_M0_ser", 0 0, L_0000021f9bf449f0;  alias, 1 drivers
v0000021f9bfce160_0 .net "rdata_M1_ser", 0 0, L_0000021f9bf43b80;  alias, 1 drivers
v0000021f9bfcf240_0 .net "rdata_S0_ser", 0 0, L_0000021f9bfe6b50;  alias, 1 drivers
v0000021f9bfcf880_0 .net "rdata_S1_ser", 0 0, L_0000021f9bfe59d0;  alias, 1 drivers
v0000021f9bfce020_0 .net "rdata_S2_ser", 0 0, L_0000021f9bfe6470;  alias, 1 drivers
v0000021f9bfce200_0 .net "rdata_slave_ser", 0 0, L_0000021f9bfe4030;  1 drivers
v0000021f9bfcdf80_0 .net "req_M0", 0 0, v0000021f9bfb5420_0;  alias, 1 drivers
v0000021f9bfce2a0_0 .net "req_M1", 0 0, L_0000021f9bfe4f30;  alias, 1 drivers
v0000021f9bfce0c0_0 .net "req_frame_valid", 0 0, L_0000021f9bfe34f0;  1 drivers
v0000021f9bfcf7e0_0 .net "req_line", 0 0, L_0000021f9bfe4670;  1 drivers
v0000021f9bfcf560_0 .net "resume", 0 0, v0000021f9bfdb360_0;  alias, 1 drivers
v0000021f9bfce8e0_0 .net "rst", 0 0, v0000021f9bfe5110_0;  alias, 1 drivers
v0000021f9bfce340_0 .net "rvalid_M0", 0 0, L_0000021f9bf441a0;  alias, 1 drivers
v0000021f9bfceca0_0 .net "rvalid_M1", 0 0, L_0000021f9bf44ec0;  alias, 1 drivers
v0000021f9bfce7a0_0 .net "rvalid_S0", 0 0, L_0000021f9bf45080;  alias, 1 drivers
v0000021f9bfce480_0 .net "rvalid_S1", 0 0, L_0000021f9bf44440;  alias, 1 drivers
v0000021f9bfcede0_0 .net "rvalid_S2", 0 0, L_0000021f9bf44280;  alias, 1 drivers
v0000021f9bfce840_0 .net "rvalid_slave", 0 0, L_0000021f9bfe3810;  1 drivers
v0000021f9bfcf2e0_0 .net "slave_sel1", 0 0, v0000021f9bfba0c0_0;  alias, 1 drivers
v0000021f9bfcf6a0_0 .net "slave_sel2", 0 0, v0000021f9bfb9c60_0;  alias, 1 drivers
v0000021f9bfcf380_0 .net "slave_sel3", 0 0, v0000021f9bfba200_0;  alias, 1 drivers
v0000021f9bfce3e0_0 .net "split", 0 0, v0000021f9bfd9740_0;  alias, 1 drivers
v0000021f9bfcec00_0 .net "valid_bus", 0 0, L_0000021f9bfe4990;  alias, 1 drivers
v0000021f9bfce520_0 .net "xfer_done", 0 0, L_0000021f9bf444b0;  1 drivers
L_0000021f9bfe3590 .functor MUXZ 1, L_0000021f9bfe6fa8, L_0000021f9bfe3f90, v0000021f9bfba8e0_0, C4<>;
L_0000021f9bfe3a90 .reduce/nor v0000021f9bfb91c0_0;
S_0000021f9be0b4e0 .scope module, "u_addr_redirect" "addr_redirect" 9 114, 10 1 0, S_0000021f9be31030;
 .timescale -9 -12;
    .port_info 0 /INPUT 1 "clk";
    .port_info 1 /INPUT 1 "rst_n";
    .port_info 2 /INPUT 1 "serial_in";
    .port_info 3 /INPUT 1 "frame_valid_in";
    .port_info 4 /OUTPUT 1 "slave_sel1";
    .port_info 5 /OUTPUT 1 "slave_sel2";
    .port_info 6 /OUTPUT 1 "slave_sel3";
    .port_info 7 /OUTPUT 1 "ext_redirect";
    .port_info 8 /OUTPUT 1 "addr_invalid";
    .port_info 9 /OUTPUT 1 "addr_data_o";
    .port_info 10 /OUTPUT 1 "frame_valid_o";
P_0000021f9bf4c1e0 .param/l "NUM_SLAVES" 0 10 2, +C4<00000000000000000000000000000011>;
P_0000021f9bf4c218 .param/l "OUT_DELAY" 0 10 5, +C4<00000000000000000000000000000100>;
P_0000021f9bf4c250 .param/l "SEL_W" 0 10 3, +C4<00000000000000000000000000000010>;
P_0000021f9bf4c288 .param/l "TAP_BITS" 0 10 4, +C4<000000000000000000000000000000011>;
P_0000021f9bf4c2c0 .param/l "TAP_CNT_W" 1 10 26, +C4<00000000000000000000000000000010>;
v0000021f9bfba480_0 .net *"_ivl_1", 1 0, L_0000021f9bfe39f0;  1 drivers
v0000021f9bfb9ee0_0 .net "addr_data_o", 0 0, L_0000021f9bfe48f0;  alias, 1 drivers
v0000021f9bfb9f80_0 .var "addr_invalid", 0 0;
v0000021f9bfba700_0 .net "clk", 0 0, v0000021f9bfe3e50_0;  alias, 1 drivers
v0000021f9bfb94e0_0 .net "dec_addr_invalid", 0 0, v0000021f9bfba160_0;  1 drivers
v0000021f9bfba2a0_0 .net "dec_ext_redirect", 0 0, v0000021f9bfbade0_0;  1 drivers
v0000021f9bfba520_0 .net "dec_sel1", 0 0, v0000021f9bfbaca0_0;  1 drivers
v0000021f9bfba980_0 .net "dec_sel2", 0 0, v0000021f9bfb9760_0;  1 drivers
v0000021f9bfba5c0_0 .net "dec_sel3", 0 0, v0000021f9bfb8f40_0;  1 drivers
v0000021f9bfb9580_0 .var "early_bits", 2 0;
v0000021f9bfb9800_0 .var "early_valid", 0 0;
v0000021f9bfb98a0_0 .var "ext_redirect", 0 0;
v0000021f9bfbaa20_0 .net "frame_valid_in", 0 0, L_0000021f9bfe34f0;  alias, 1 drivers
v0000021f9bfb93a0_0 .net "frame_valid_o", 0 0, L_0000021f9bfe4990;  alias, 1 drivers
v0000021f9bfb9940_0 .net "rst_n", 0 0, v0000021f9bfe5110_0;  alias, 1 drivers
v0000021f9bfba020_0 .var "serial_delay", 3 0;
v0000021f9bfb9260_0 .net "serial_in", 0 0, L_0000021f9bfe4670;  alias, 1 drivers
v0000021f9bfba0c0_0 .var "slave_sel1", 0 0;
v0000021f9bfb9c60_0 .var "slave_sel2", 0 0;
v0000021f9bfba200_0 .var "slave_sel3", 0 0;
v0000021f9bfb99e0_0 .var "tap_capturing", 0 0;
v0000021f9bfb9b20_0 .var "tap_count", 1 0;
v0000021f9bfba660_0 .var "tap_shift", 2 0;
v0000021f9bfb9d00_0 .net "tap_shift_next", 2 0, L_0000021f9bfe40d0;  1 drivers
v0000021f9bfb9da0_0 .var "valid_delay", 3 0;
L_0000021f9bfe39f0 .part v0000021f9bfba660_0, 0, 2;
L_0000021f9bfe40d0 .concat [ 1 2 0 0], L_0000021f9bfe4670, L_0000021f9bfe39f0;
L_0000021f9bfe48f0 .part v0000021f9bfba020_0, 3, 1;
L_0000021f9bfe4990 .part v0000021f9bfb9da0_0, 3, 1;
S_0000021f9bdfa810 .scope module, "u_addr_decoder" "addr_decoder" 10 75, 11 12 0, S_0000021f9be0b4e0;
 .timescale -9 -12;
    .port_info 0 /INPUT 3 "sel_bits";
    .port_info 1 /INPUT 1 "valid_i";
    .port_info 2 /OUTPUT 1 "slave_sel1";
    .port_info 3 /OUTPUT 1 "slave_sel2";
    .port_info 4 /OUTPUT 1 "slave_sel3";
    .port_info 5 /OUTPUT 1 "ext_redirect";
    .port_info 6 /OUTPUT 1 "addr_invalid";
P_0000021f9bf63f20 .param/l "NUM_SLAVES" 0 11 13, +C4<00000000000000000000000000000011>;
P_0000021f9bf63f58 .param/l "SEL_W" 0 11 14, +C4<00000000000000000000000000000010>;
P_0000021f9bf63f90 .param/l "TAP_BITS" 0 11 15, +C4<000000000000000000000000000000011>;
v0000021f9bfba160_0 .var "addr_invalid", 0 0;
v0000021f9bfbade0_0 .var "ext_redirect", 0 0;
v0000021f9bfb9a80_0 .net "is_internal", 0 0, L_0000021f9bfe56b0;  1 drivers
v0000021f9bfba3e0_0 .net "sel", 1 0, L_0000021f9bfe4b70;  1 drivers
v0000021f9bfb96c0_0 .net "sel_bits", 2 0, v0000021f9bfb9580_0;  1 drivers
v0000021f9bfba340_0 .var "slave_sel", 2 0;
v0000021f9bfbaca0_0 .var "slave_sel1", 0 0;
v0000021f9bfb9760_0 .var "slave_sel2", 0 0;
v0000021f9bfb8f40_0 .var "slave_sel3", 0 0;
v0000021f9bfba7a0_0 .net "valid_i", 0 0, v0000021f9bfb9800_0;  1 drivers
E_0000021f9bf31c20 .event anyedge, v0000021f9bfba7a0_0, v0000021f9bfb9a80_0, v0000021f9bfba3e0_0, v0000021f9bfba340_0;
L_0000021f9bfe56b0 .part v0000021f9bfb9580_0, 2, 1;
L_0000021f9bfe4b70 .part v0000021f9bfb9580_0, 0, 2;
S_0000021f9bdfa9a0 .scope module, "u_arbiter" "arbiter" 9 69, 12 2 0, S_0000021f9be31030;
 .timescale -9 -12;
    .port_info 0 /INPUT 1 "clk";
    .port_info 1 /INPUT 1 "rst";
    .port_info 2 /INPUT 1 "req_M0";
    .port_info 3 /INPUT 1 "req_M1";
    .port_info 4 /INPUT 1 "split";
    .port_info 5 /INPUT 1 "resume";
    .port_info 6 /INPUT 1 "xfer_done";
    .port_info 7 /OUTPUT 1 "grant_M0";
    .port_info 8 /OUTPUT 1 "grant_M1";
    .port_info 9 /OUTPUT 1 "addr_sel";
    .port_info 10 /OUTPUT 1 "data_sel";
    .port_info 11 /OUTPUT 1 "ctr_sel";
    .port_info 12 /OUTPUT 1 "parked_id";
P_0000021f9be313c0 .param/l "BUSY" 1 12 31, C4<01>;
P_0000021f9be313f8 .param/l "IDLE" 1 12 30, C4<00>;
P_0000021f9be31430 .param/l "PARKED_BUSY" 1 12 33, C4<11>;
P_0000021f9be31468 .param/l "PARKED_IDLE" 1 12 32, C4<10>;
v0000021f9bfba840_0 .var "addr_sel", 0 0;
v0000021f9bfbad40_0 .net "clk", 0 0, v0000021f9bfe3e50_0;  alias, 1 drivers
v0000021f9bfba8e0_0 .var "ctr_sel", 0 0;
v0000021f9bfbab60_0 .var "cur_owner", 0 0;
v0000021f9bfb8fe0_0 .var "data_sel", 0 0;
v0000021f9bfb9080_0 .var "grant_M0", 0 0;
v0000021f9bfb9120_0 .var "grant_M1", 0 0;
v0000021f9bfb91c0_0 .var "parked_id", 0 0;
v0000021f9bfb9300_0 .net "req_M0", 0 0, v0000021f9bfb5420_0;  alias, 1 drivers
v0000021f9bfb9440_0 .net "req_M1", 0 0, L_0000021f9bfe4f30;  alias, 1 drivers
v0000021f9bfcba00_0 .net "resume", 0 0, v0000021f9bfdb360_0;  alias, 1 drivers
v0000021f9bfcbaa0_0 .var "resume_pending", 0 0;
v0000021f9bfcb1e0_0 .net "rst", 0 0, v0000021f9bfe5110_0;  alias, 1 drivers
v0000021f9bfcb960_0 .net "split", 0 0, v0000021f9bfd9740_0;  alias, 1 drivers
v0000021f9bfcbb40_0 .var "state", 1 0;
v0000021f9bfcb820_0 .net "xfer_done", 0 0, L_0000021f9bf444b0;  alias, 1 drivers
S_0000021f9bdfab30 .scope module, "u_master_request_mux" "master_request_mux" 9 93, 13 8 0, S_0000021f9be31030;
 .timescale -9 -12;
    .port_info 0 /INPUT 1 "ctr_sel";
    .port_info 1 /INPUT 1 "serial_out_M0";
    .port_info 2 /INPUT 1 "frame_valid_M0";
    .port_info 3 /INPUT 1 "serial_out_M1";
    .port_info 4 /INPUT 1 "frame_valid_M1";
    .port_info 5 /OUTPUT 1 "addr_data_bus";
    .port_info 6 /OUTPUT 1 "frame_valid_bus";
v0000021f9bfccc20_0 .net "addr_data_bus", 0 0, L_0000021f9bfe4670;  alias, 1 drivers
v0000021f9bfcb320_0 .net "ctr_sel", 0 0, v0000021f9bfba8e0_0;  alias, 1 drivers
v0000021f9bfcc720_0 .net "frame_valid_M0", 0 0, L_0000021f9bf44830;  alias, 1 drivers
v0000021f9bfcb280_0 .net "frame_valid_M1", 0 0, L_0000021f9bfe5570;  alias, 1 drivers
v0000021f9bfcc4a0_0 .net "frame_valid_bus", 0 0, L_0000021f9bfe34f0;  alias, 1 drivers
v0000021f9bfcaf60_0 .net "serial_out_M0", 0 0, L_0000021f9bfe4a30;  alias, 1 drivers
v0000021f9bfcbe60_0 .net "serial_out_M1", 0 0, L_0000021f9bfe4cb0;  alias, 1 drivers
L_0000021f9bfe4670 .functor MUXZ 1, L_0000021f9bfe4a30, L_0000021f9bfe4cb0, v0000021f9bfba8e0_0, C4<>;
L_0000021f9bfe34f0 .functor MUXZ 1, L_0000021f9bf44830, L_0000021f9bfe5570, v0000021f9bfba8e0_0, C4<>;
S_0000021f9be73290 .scope module, "u_slave_response_mux" "slave_response_mux" 9 150, 14 8 0, S_0000021f9be31030;
 .timescale -9 -12;
    .port_info 0 /INPUT 1 "slave_sel1";
    .port_info 1 /INPUT 1 "slave_sel2";
    .port_info 2 /INPUT 1 "slave_sel3";
    .port_info 3 /INPUT 1 "rdata_S0";
    .port_info 4 /INPUT 1 "rvalid_S0";
    .port_info 5 /INPUT 1 "rdata_S1";
    .port_info 6 /INPUT 1 "rvalid_S1";
    .port_info 7 /INPUT 1 "rdata_S2";
    .port_info 8 /INPUT 1 "rvalid_S2";
    .port_info 9 /OUTPUT 1 "rdata_slave";
    .port_info 10 /OUTPUT 1 "rvalid_slave";
P_0000021f9bf315e0 .param/l "DATA_W" 0 14 9, +C4<00000000000000000000000000000001>;
L_0000021f9bfe7398 .functor BUFT 1, C4<0>, C4<0>, C4<0>, C4<0>;
v0000021f9bfcc540_0 .net/2u *"_ivl_0", 0 0, L_0000021f9bfe7398;  1 drivers
v0000021f9bfcce00_0 .net *"_ivl_10", 0 0, L_0000021f9bfe4df0;  1 drivers
v0000021f9bfcb0a0_0 .net *"_ivl_12", 0 0, L_0000021f9bfe3770;  1 drivers
v0000021f9bfcbf00_0 .net *"_ivl_2", 0 0, L_0000021f9bfe3630;  1 drivers
v0000021f9bfcc7c0_0 .net *"_ivl_4", 0 0, L_0000021f9bfe3950;  1 drivers
L_0000021f9bfe73e0 .functor BUFT 1, C4<0>, C4<0>, C4<0>, C4<0>;
v0000021f9bfcc2c0_0 .net/2u *"_ivl_8", 0 0, L_0000021f9bfe73e0;  1 drivers
v0000021f9bfcc5e0_0 .net "rdata_S0", 0 0, L_0000021f9bfe6b50;  alias, 1 drivers
v0000021f9bfcc400_0 .net "rdata_S1", 0 0, L_0000021f9bfe59d0;  alias, 1 drivers
v0000021f9bfcb5a0_0 .net "rdata_S2", 0 0, L_0000021f9bfe6470;  alias, 1 drivers
v0000021f9bfcc860_0 .net "rdata_slave", 0 0, L_0000021f9bfe4030;  alias, 1 drivers
v0000021f9bfcca40_0 .net "rvalid_S0", 0 0, L_0000021f9bf45080;  alias, 1 drivers
v0000021f9bfcb3c0_0 .net "rvalid_S1", 0 0, L_0000021f9bf44440;  alias, 1 drivers
v0000021f9bfcb8c0_0 .net "rvalid_S2", 0 0, L_0000021f9bf44280;  alias, 1 drivers
v0000021f9bfcc900_0 .net "rvalid_slave", 0 0, L_0000021f9bfe3810;  alias, 1 drivers
v0000021f9bfcb460_0 .net "slave_sel1", 0 0, v0000021f9bfba0c0_0;  alias, 1 drivers
v0000021f9bfcbfa0_0 .net "slave_sel2", 0 0, v0000021f9bfb9c60_0;  alias, 1 drivers
v0000021f9bfcbc80_0 .net "slave_sel3", 0 0, v0000021f9bfba200_0;  alias, 1 drivers
L_0000021f9bfe3630 .functor MUXZ 1, L_0000021f9bfe7398, L_0000021f9bfe6470, v0000021f9bfba200_0, C4<>;
L_0000021f9bfe3950 .functor MUXZ 1, L_0000021f9bfe3630, L_0000021f9bfe59d0, v0000021f9bfb9c60_0, C4<>;
L_0000021f9bfe4030 .functor MUXZ 1, L_0000021f9bfe3950, L_0000021f9bfe6b50, v0000021f9bfba0c0_0, C4<>;
L_0000021f9bfe4df0 .functor MUXZ 1, L_0000021f9bfe73e0, L_0000021f9bf44280, v0000021f9bfba200_0, C4<>;
L_0000021f9bfe3770 .functor MUXZ 1, L_0000021f9bfe4df0, L_0000021f9bf44440, v0000021f9bfb9c60_0, C4<>;
L_0000021f9bfe3810 .functor MUXZ 1, L_0000021f9bfe3770, L_0000021f9bf45080, v0000021f9bfba0c0_0, C4<>;
S_0000021f9bfd0c10 .scope module, "u_slave0" "slave" 4 170, 15 1 0, S_0000021f9bf63c00;
 .timescale -9 -12;
    .port_info 0 /INPUT 1 "clk";
    .port_info 1 /INPUT 1 "rst";
    .port_info 2 /INPUT 1 "cs_i";
    .port_info 3 /INPUT 1 "addr_data_i";
    .port_info 4 /INPUT 1 "valid_i";
    .port_info 5 /OUTPUT 1 "rdata_o_ser";
    .port_info 6 /OUTPUT 1 "rvalid_o";
P_0000021f9be312b0 .param/l "ADDR_W" 0 15 2, +C4<00000000000000000000000000001100>;
P_0000021f9be312e8 .param/l "DATA_W" 0 15 3, +C4<00000000000000000000000000001000>;
P_0000021f9be31320 .param/l "RW" 0 15 4, +C4<00000000000000000000000000000001>;
v0000021f9bfda000_0 .net "addr_c", 14 0, v0000021f9bfce980_0;  1 drivers
v0000021f9bfd9420_0 .net "addr_data_i", 0 0, L_0000021f9bfe48f0;  alias, 1 drivers
v0000021f9bfdabe0_0 .net "clk", 0 0, v0000021f9bfe3e50_0;  alias, 1 drivers
v0000021f9bfd9880_0 .net "cs_i", 0 0, v0000021f9bfba0c0_0;  alias, 1 drivers
v0000021f9bfdafa0_0 .net "frame_done", 0 0, v0000021f9bfcfba0_0;  1 drivers
v0000021f9bfd99c0 .array "mem", 15 0, 7 0;
v0000021f9bfdb4a0_0 .net "rdata_o_ser", 0 0, L_0000021f9bfe6b50;  alias, 1 drivers
v0000021f9bfdb5e0_0 .var "rdata_reg", 7 0;
v0000021f9bfdb720_0 .net "rst", 0 0, v0000021f9bfe5110_0;  alias, 1 drivers
v0000021f9bfd9d80_0 .net "rvalid_o", 0 0, L_0000021f9bf45080;  alias, 1 drivers
v0000021f9bfdadc0_0 .var "ser_trigger", 0 0;
v0000021f9bfdb2c0_0 .net "valid_i", 0 0, L_0000021f9bfe4990;  alias, 1 drivers
v0000021f9bfd9600_0 .net "wdata_c", 7 0, v0000021f9bfceb60_0;  1 drivers
v0000021f9bfdac80_0 .net "we_c", 0 0, v0000021f9bfced40_0;  1 drivers
S_0000021f9bfd08f0 .scope module, "u_deserializer" "addr_data_deserializer" 15 33, 16 7 0, S_0000021f9bfd0c10;
 .timescale -9 -12;
    .port_info 0 /INPUT 1 "clk";
    .port_info 1 /INPUT 1 "rst";
    .port_info 2 /INPUT 1 "cs_i";
    .port_info 3 /INPUT 1 "addr_data_i";
    .port_info 4 /INPUT 1 "valid_i";
    .port_info 5 /OUTPUT 1 "we_o";
    .port_info 6 /OUTPUT 15 "addr_o";
    .port_info 7 /OUTPUT 8 "wdata_o";
    .port_info 8 /OUTPUT 1 "frame_done";
P_0000021f9be735f0 .param/l "ADDR_W" 0 16 8, +C4<00000000000000000000000000001111>;
P_0000021f9be73628 .param/l "DATA_W" 0 16 10, +C4<00000000000000000000000000001000>;
P_0000021f9be73660 .param/l "FRAME_W" 0 16 11, +C4<0000000000000000000000000000011000>;
P_0000021f9be73698 .param/l "RW" 0 16 9, +C4<00000000000000000000000000000001>;
L_0000021f9bf44ad0 .functor AND 1, v0000021f9bfba0c0_0, L_0000021f9bfe4990, C4<1>, C4<1>;
v0000021f9bfcfb00_0 .net *"_ivl_1", 22 0, L_0000021f9bfe3bd0;  1 drivers
v0000021f9bfcef20_0 .net "addr_data_i", 0 0, L_0000021f9bfe48f0;  alias, 1 drivers
v0000021f9bfce980_0 .var "addr_o", 14 0;
v0000021f9bfcefc0_0 .var "bit_count", 5 0;
v0000021f9bfce5c0_0 .var "capturing", 0 0;
v0000021f9bfcf9c0_0 .net "clk", 0 0, v0000021f9bfe3e50_0;  alias, 1 drivers
v0000021f9bfce660_0 .net "cs_i", 0 0, v0000021f9bfba0c0_0;  alias, 1 drivers
v0000021f9bfcfba0_0 .var "frame_done", 0 0;
v0000021f9bfce700_0 .net "rst", 0 0, v0000021f9bfe5110_0;  alias, 1 drivers
v0000021f9bfcfc40_0 .net "sel", 0 0, L_0000021f9bf44ad0;  1 drivers
v0000021f9bfcfce0_0 .net "shift_next", 23 0, L_0000021f9bfe3d10;  1 drivers
v0000021f9bfcea20_0 .var "shift_reg", 23 0;
v0000021f9bfceac0_0 .net "valid_i", 0 0, L_0000021f9bfe4990;  alias, 1 drivers
v0000021f9bfceb60_0 .var "wdata_o", 7 0;
v0000021f9bfced40_0 .var "we_o", 0 0;
L_0000021f9bfe3bd0 .part v0000021f9bfcea20_0, 0, 23;
L_0000021f9bfe3d10 .concat [ 1 23 0 0], L_0000021f9bfe48f0, L_0000021f9bfe3bd0;
S_0000021f9bfd0da0 .scope module, "u_serializer" "Serializer" 15 73, 17 1 0, S_0000021f9bfd0c10;
 .timescale -9 -12;
    .port_info 0 /INPUT 1 "clk_in";
    .port_info 1 /INPUT 1 "rst_n";
    .port_info 2 /INPUT 8 "data_in";
    .port_info 3 /INPUT 1 "data_valid";
    .port_info 4 /OUTPUT 1 "serial_out";
    .port_info 5 /OUTPUT 1 "data_valid_out";
    .port_info 6 /OUTPUT 1 "done";
L_0000021f9bf45080 .functor BUFZ 1, v0000021f9bfdab40_0, C4<0>, C4<0>, C4<0>;
L_0000021f9bf45630 .functor AND 1, L_0000021f9bfe3ef0, v0000021f9bfdadc0_0, C4<1>, C4<1>;
v0000021f9bfcee80_0 .net *"_ivl_3", 0 0, L_0000021f9bfe3ef0;  1 drivers
v0000021f9bfcfe20_0 .net *"_ivl_7", 0 0, L_0000021f9bfe6010;  1 drivers
L_0000021f9bfe7428 .functor BUFT 1, C4<0>, C4<0>, C4<0>, C4<0>;
v0000021f9bfcf060_0 .net/2u *"_ivl_8", 0 0, L_0000021f9bfe7428;  1 drivers
v0000021f9bfcf100_0 .var "bit_counter", 2 0;
v0000021f9bfcf1a0_0 .net "clk_in", 0 0, v0000021f9bfe3e50_0;  alias, 1 drivers
v0000021f9bfcf420_0 .net "data_in", 7 0, v0000021f9bfdb5e0_0;  1 drivers
v0000021f9bfcf4c0_0 .net "data_valid", 0 0, v0000021f9bfdadc0_0;  1 drivers
v0000021f9bfcf600_0 .net "data_valid_out", 0 0, L_0000021f9bf45080;  alias, 1 drivers
v0000021f9bfdae60_0 .net "done", 0 0, L_0000021f9bf45630;  1 drivers
v0000021f9bfd92e0_0 .net "rst_n", 0 0, v0000021f9bfe5110_0;  alias, 1 drivers
v0000021f9bfda460_0 .net "serial_out", 0 0, L_0000021f9bfe6b50;  alias, 1 drivers
v0000021f9bfd94c0_0 .var "shift_reg", 7 0;
v0000021f9bfdab40_0 .var "transmitting", 0 0;
L_0000021f9bfe3ef0 .reduce/nor v0000021f9bfdab40_0;
L_0000021f9bfe6010 .part v0000021f9bfd94c0_0, 7, 1;
L_0000021f9bfe6b50 .functor MUXZ 1, L_0000021f9bfe7428, L_0000021f9bfe6010, v0000021f9bfdab40_0, C4<>;
S_0000021f9bfd0a80 .scope module, "u_slave1" "slave_split" 4 190, 18 36 0, S_0000021f9bf63c00;
 .timescale -9 -12;
    .port_info 0 /INPUT 1 "clk";
    .port_info 1 /INPUT 1 "rst";
    .port_info 2 /INPUT 1 "cs_i";
    .port_info 3 /INPUT 1 "addr_data_i";
    .port_info 4 /INPUT 1 "valid_i";
    .port_info 5 /INPUT 1 "mready_i";
    .port_info 6 /OUTPUT 1 "rdata_o_ser";
    .port_info 7 /OUTPUT 1 "rvalid_o";
    .port_info 8 /OUTPUT 1 "split_o";
    .port_info 9 /OUTPUT 1 "resume_o";
P_0000021f9be16200 .param/l "ADDR_W" 0 18 37, +C4<00000000000000000000000000001100>;
P_0000021f9be16238 .param/l "DATA_W" 0 18 38, +C4<00000000000000000000000000001000>;
P_0000021f9be16270 .param/l "IDLE" 1 18 85, C4<00>;
P_0000021f9be162a8 .param/l "RESUME" 1 18 87, C4<10>;
P_0000021f9be162e0 .param/l "RW" 0 18 39, +C4<00000000000000000000000000000001>;
P_0000021f9be16318 .param/l "WAIT" 1 18 86, C4<01>;
P_0000021f9be16350 .param/l "WAIT_CYCLES" 0 18 40, +C4<00000000000000000000000000001010>;
P_0000021f9be16388 .param/l "WAIT_LOW" 1 18 88, C4<11>;
v0000021f9bfd9c40_0 .net "addr_c", 14 0, v0000021f9bfda500_0;  1 drivers
v0000021f9bfd9b00_0 .net "addr_data_i", 0 0, L_0000021f9bfe48f0;  alias, 1 drivers
v0000021f9bfdb540_0 .var "addr_latch", 3 0;
v0000021f9bfda820_0 .net "clk", 0 0, v0000021f9bfe3e50_0;  alias, 1 drivers
v0000021f9bfda8c0_0 .net "cs_i", 0 0, v0000021f9bfb9c60_0;  alias, 1 drivers
v0000021f9bfda960_0 .net "frame_done", 0 0, v0000021f9bfd8fc0_0;  1 drivers
v0000021f9bfdaa00 .array "mem", 15 0, 7 0;
v0000021f9bfdaf00_0 .net "mready_i", 0 0, L_0000021f9bfe3590;  alias, 1 drivers
v0000021f9bfdb040_0 .net "rdata_o_ser", 0 0, L_0000021f9bfe59d0;  alias, 1 drivers
v0000021f9bfd9ce0_0 .var "rdata_reg", 7 0;
v0000021f9bfdb360_0 .var "resume_o", 0 0;
v0000021f9bfd91a0_0 .net "rst", 0 0, v0000021f9bfe5110_0;  alias, 1 drivers
v0000021f9bfd9100_0 .net "rvalid_o", 0 0, L_0000021f9bf44440;  alias, 1 drivers
v0000021f9bfd9240_0 .var "ser_trigger", 0 0;
v0000021f9bfd9740_0 .var "split_o", 0 0;
v0000021f9bfd97e0_0 .var "state", 1 0;
v0000021f9bfdc6c0_0 .net "valid_i", 0 0, L_0000021f9bfe4990;  alias, 1 drivers
v0000021f9bfdbb80_0 .var "wait_cnt", 3 0;
v0000021f9bfdcbc0_0 .net "wdata_c", 7 0, v0000021f9bfd9060_0;  1 drivers
v0000021f9bfdb900_0 .net "we_c", 0 0, v0000021f9bfda320_0;  1 drivers
S_0000021f9bfd0440 .scope module, "u_deserializer" "addr_data_deserializer" 18 72, 16 7 0, S_0000021f9bfd0a80;
 .timescale -9 -12;
    .port_info 0 /INPUT 1 "clk";
    .port_info 1 /INPUT 1 "rst";
    .port_info 2 /INPUT 1 "cs_i";
    .port_info 3 /INPUT 1 "addr_data_i";
    .port_info 4 /INPUT 1 "valid_i";
    .port_info 5 /OUTPUT 1 "we_o";
    .port_info 6 /OUTPUT 15 "addr_o";
    .port_info 7 /OUTPUT 8 "wdata_o";
    .port_info 8 /OUTPUT 1 "frame_done";
P_0000021f9be58de0 .param/l "ADDR_W" 0 16 8, +C4<00000000000000000000000000001111>;
P_0000021f9be58e18 .param/l "DATA_W" 0 16 10, +C4<00000000000000000000000000001000>;
P_0000021f9be58e50 .param/l "FRAME_W" 0 16 11, +C4<0000000000000000000000000000011000>;
P_0000021f9be58e88 .param/l "RW" 0 16 9, +C4<00000000000000000000000000000001>;
L_0000021f9bf44a60 .functor AND 1, v0000021f9bfb9c60_0, L_0000021f9bfe4990, C4<1>, C4<1>;
v0000021f9bfdb180_0 .net *"_ivl_1", 22 0, L_0000021f9bfe6290;  1 drivers
v0000021f9bfd9ec0_0 .net "addr_data_i", 0 0, L_0000021f9bfe48f0;  alias, 1 drivers
v0000021f9bfda500_0 .var "addr_o", 14 0;
v0000021f9bfda280_0 .var "bit_count", 5 0;
v0000021f9bfdb0e0_0 .var "capturing", 0 0;
v0000021f9bfd9a60_0 .net "clk", 0 0, v0000021f9bfe3e50_0;  alias, 1 drivers
v0000021f9bfda140_0 .net "cs_i", 0 0, v0000021f9bfb9c60_0;  alias, 1 drivers
v0000021f9bfd8fc0_0 .var "frame_done", 0 0;
v0000021f9bfd9e20_0 .net "rst", 0 0, v0000021f9bfe5110_0;  alias, 1 drivers
v0000021f9bfdaaa0_0 .net "sel", 0 0, L_0000021f9bf44a60;  1 drivers
v0000021f9bfd96a0_0 .net "shift_next", 23 0, L_0000021f9bfe5e30;  1 drivers
v0000021f9bfdad20_0 .var "shift_reg", 23 0;
v0000021f9bfdb680_0 .net "valid_i", 0 0, L_0000021f9bfe4990;  alias, 1 drivers
v0000021f9bfd9060_0 .var "wdata_o", 7 0;
v0000021f9bfda320_0 .var "we_o", 0 0;
L_0000021f9bfe6290 .part v0000021f9bfdad20_0, 0, 23;
L_0000021f9bfe5e30 .concat [ 1 23 0 0], L_0000021f9bfe48f0, L_0000021f9bfe6290;
S_0000021f9bfcff90 .scope module, "u_serializer" "Serializer" 18 164, 17 1 0, S_0000021f9bfd0a80;
 .timescale -9 -12;
    .port_info 0 /INPUT 1 "clk_in";
    .port_info 1 /INPUT 1 "rst_n";
    .port_info 2 /INPUT 8 "data_in";
    .port_info 3 /INPUT 1 "data_valid";
    .port_info 4 /OUTPUT 1 "serial_out";
    .port_info 5 /OUTPUT 1 "data_valid_out";
    .port_info 6 /OUTPUT 1 "done";
L_0000021f9bf44440 .functor BUFZ 1, v0000021f9bfda780_0, C4<0>, C4<0>, C4<0>;
L_0000021f9bf448a0 .functor AND 1, L_0000021f9bfe6650, v0000021f9bfd9240_0, C4<1>, C4<1>;
v0000021f9bfda1e0_0 .net *"_ivl_3", 0 0, L_0000021f9bfe6650;  1 drivers
v0000021f9bfd9f60_0 .net *"_ivl_7", 0 0, L_0000021f9bfe5c50;  1 drivers
L_0000021f9bfe7470 .functor BUFT 1, C4<0>, C4<0>, C4<0>, C4<0>;
v0000021f9bfd9ba0_0 .net/2u *"_ivl_8", 0 0, L_0000021f9bfe7470;  1 drivers
v0000021f9bfd9560_0 .var "bit_counter", 2 0;
v0000021f9bfda3c0_0 .net "clk_in", 0 0, v0000021f9bfe3e50_0;  alias, 1 drivers
v0000021f9bfd9920_0 .net "data_in", 7 0, v0000021f9bfd9ce0_0;  1 drivers
v0000021f9bfda5a0_0 .net "data_valid", 0 0, v0000021f9bfd9240_0;  1 drivers
v0000021f9bfda0a0_0 .net "data_valid_out", 0 0, L_0000021f9bf44440;  alias, 1 drivers
v0000021f9bfda640_0 .net "done", 0 0, L_0000021f9bf448a0;  1 drivers
v0000021f9bfdb400_0 .net "rst_n", 0 0, v0000021f9bfe5110_0;  alias, 1 drivers
v0000021f9bfda6e0_0 .net "serial_out", 0 0, L_0000021f9bfe59d0;  alias, 1 drivers
v0000021f9bfdb220_0 .var "shift_reg", 7 0;
v0000021f9bfda780_0 .var "transmitting", 0 0;
L_0000021f9bfe6650 .reduce/nor v0000021f9bfda780_0;
L_0000021f9bfe5c50 .part v0000021f9bfdb220_0, 7, 1;
L_0000021f9bfe59d0 .functor MUXZ 1, L_0000021f9bfe7470, L_0000021f9bfe5c50, v0000021f9bfda780_0, C4<>;
S_0000021f9bfd0120 .scope module, "u_slave2" "slave_bridge" 4 211, 19 43 0, S_0000021f9bf63c00;
 .timescale -9 -12;
    .port_info 0 /INPUT 1 "clk";
    .port_info 1 /INPUT 1 "rst";
    .port_info 2 /INPUT 1 "cs_i";
    .port_info 3 /INPUT 1 "ext_redirect_i";
    .port_info 4 /INPUT 1 "addr_data_i";
    .port_info 5 /INPUT 1 "valid_i";
    .port_info 6 /OUTPUT 1 "rdata_o_ser";
    .port_info 7 /OUTPUT 1 "rvalid_o";
    .port_info 8 /OUTPUT 1 "reqB";
    .port_info 9 /INPUT 1 "grantB";
    .port_info 10 /OUTPUT 1 "addr_data_B";
    .port_info 11 /OUTPUT 1 "frame_valid_B";
    .port_info 12 /INPUT 1 "rdata_B_ser";
    .port_info 13 /OUTPUT 1 "mreadyB";
    .port_info 14 /INPUT 1 "rvalidB";
P_0000021f9be58ed0 .param/l "ACTIVE_TIMEOUT" 0 19 48, +C4<00000000000000000000000000101000>;
P_0000021f9be58f08 .param/l "ADDR_W" 0 19 44, +C4<00000000000000000000000000001111>;
P_0000021f9be58f40 .param/l "BACKOFF" 1 19 168, C4<011>;
P_0000021f9be58f78 .param/l "BACKOFF_DELAY" 0 19 49, +C4<00000000000000000000000000000101>;
P_0000021f9be58fb0 .param/l "DATA_W" 0 19 45, +C4<00000000000000000000000000001000>;
P_0000021f9be58fe8 .param/l "FRAME_W" 0 19 47, +C4<0000000000000000000000000000011000>;
P_0000021f9be59020 .param/l "IDLE" 1 19 165, C4<000>;
P_0000021f9be59058 .param/l "ISSUE" 1 19 166, C4<001>;
P_0000021f9be59090 .param/l "RELAY" 1 19 169, C4<100>;
P_0000021f9be590c8 .param/l "RW" 0 19 46, +C4<00000000000000000000000000000001>;
P_0000021f9be59100 .param/l "WAIT_B" 1 19 167, C4<010>;
P_0000021f9be59138 .param/l "WAIT_LOW" 1 19 170, C4<101>;
L_0000021f9bf44910 .functor AND 1, L_0000021f9bf43e90, L_0000021f9bfe65b0, C4<1>, C4<1>;
v0000021f9bfdd610_0 .net *"_ivl_5", 0 0, L_0000021f9bfe65b0;  1 drivers
v0000021f9bfdf050_0 .net "addr_c", 14 0, v0000021f9bfdbea0_0;  1 drivers
v0000021f9bfddbb0_0 .net "addr_data_B", 0 0, L_0000021f9bfe6830;  alias, 1 drivers
v0000021f9bfde150_0 .net "addr_data_i", 0 0, L_0000021f9bfe48f0;  alias, 1 drivers
v0000021f9bfdd750_0 .var "addr_latch", 14 0;
v0000021f9bfdf190_0 .net "clk", 0 0, v0000021f9bfe3e50_0;  alias, 1 drivers
v0000021f9bfddb10_0 .net "cs_i", 0 0, v0000021f9bfba200_0;  alias, 1 drivers
v0000021f9bfdde30_0 .var "delay_cnt", 31 0;
v0000021f9bfdedd0_0 .net "ext_redirect_i", 0 0, v0000021f9bfb98a0_0;  alias, 1 drivers
v0000021f9bfddc50_0 .net "frame_done", 0 0, v0000021f9bfdc760_0;  1 drivers
v0000021f9bfdd6b0_0 .net "frame_valid_B", 0 0, L_0000021f9bf44d70;  alias, 1 drivers
v0000021f9bfddcf0_0 .net "grantB", 0 0, L_0000021f9bfe3450;  alias, 1 drivers
v0000021f9bfdded0_0 .net "mreadyB", 0 0, L_0000021f9bfe74b8;  alias, 1 drivers
v0000021f9bfdf410_0 .net "rdataB_par", 7 0, L_0000021f9bf44980;  1 drivers
v0000021f9bfdf230_0 .net "rdata_B_ser", 0 0, L_0000021f9bf43e20;  alias, 1 drivers
v0000021f9bfddf70_0 .net "rdata_o_ser", 0 0, L_0000021f9bfe6470;  alias, 1 drivers
v0000021f9bfde010_0 .var "relay_data", 7 0;
v0000021f9bfdd7f0_0 .var "relay_trigger", 0 0;
v0000021f9bfde1f0_0 .var "reqB", 0 0;
v0000021f9bfdda70_0 .net "rst", 0 0, v0000021f9bfe5110_0;  alias, 1 drivers
v0000021f9bfdd390_0 .net "rvalidB", 0 0, L_0000021f9bfe3b30;  alias, 1 drivers
v0000021f9bfdd110_0 .net "rvalidB_par", 0 0, L_0000021f9bf43e90;  1 drivers
v0000021f9bfdf4b0_0 .var "rvalidB_par_d", 0 0;
v0000021f9bfdea10_0 .net "rvalidB_pulse", 0 0, L_0000021f9bf44910;  1 drivers
v0000021f9bfdd250_0 .net "rvalid_o", 0 0, L_0000021f9bf44280;  alias, 1 drivers
v0000021f9bfde0b0_0 .var "state", 2 0;
v0000021f9bfde290_0 .var "timeout_cnt", 31 0;
v0000021f9bfde470_0 .var "tx_start", 0 0;
v0000021f9bfde330_0 .net "valid_i", 0 0, L_0000021f9bfe4990;  alias, 1 drivers
v0000021f9bfde3d0_0 .net "wdata_c", 7 0, v0000021f9bfdca80_0;  1 drivers
v0000021f9bfde510_0 .var "wdata_latch", 7 0;
v0000021f9bfdd430_0 .net "we_c", 0 0, v0000021f9bfdcda0_0;  1 drivers
v0000021f9bfdec90_0 .var "we_latch", 0 0;
L_0000021f9bfe6bf0 .concat [ 1 15 0 0], v0000021f9bfdec90_0, v0000021f9bfdd750_0;
L_0000021f9bfe65b0 .reduce/nor v0000021f9bfdf4b0_0;
S_0000021f9bfd02b0 .scope module, "u_addr_serializer" "addr_serializer" 19 118, 7 13 0, S_0000021f9bfd0120;
 .timescale -9 -12;
    .port_info 0 /INPUT 1 "clk";
    .port_info 1 /INPUT 1 "rst_n";
    .port_info 2 /INPUT 16 "addr_i";
    .port_info 3 /INPUT 8 "wdata_i";
    .port_info 4 /INPUT 1 "valid_i";
    .port_info 5 /OUTPUT 1 "serial_out";
    .port_info 6 /OUTPUT 1 "frame_valid_out";
P_0000021f9bf4d3e0 .param/l "ADDR_W" 0 7 14, +C4<00000000000000000000000000001111>;
P_0000021f9bf4d418 .param/l "CNT_W" 1 7 30, +C4<00000000000000000000000000000101>;
P_0000021f9bf4d450 .param/l "DATA_W" 0 7 16, +C4<00000000000000000000000000001000>;
P_0000021f9bf4d488 .param/l "FRAME_W" 0 7 17, +C4<0000000000000000000000000000011000>;
P_0000021f9bf4d4c0 .param/l "RW" 0 7 15, +C4<00000000000000000000000000000001>;
L_0000021f9bf44670 .functor AND 1, v0000021f9bfde470_0, L_0000021f9bfe6790, C4<1>, C4<1>;
L_0000021f9bf44d70 .functor BUFZ 1, L_0000021f9bf44670, C4<0>, C4<0>, C4<0>;
v0000021f9bfdbfe0_0 .net *"_ivl_11", 0 0, L_0000021f9bfe6e70;  1 drivers
v0000021f9bfdc120_0 .net *"_ivl_9", 0 0, L_0000021f9bfe57f0;  1 drivers
v0000021f9bfdc1c0_0 .net "addr_i", 15 0, L_0000021f9bfe6bf0;  1 drivers
v0000021f9bfdc300_0 .var "bit_counter", 4 0;
v0000021f9bfdc9e0_0 .net "clk", 0 0, v0000021f9bfe3e50_0;  alias, 1 drivers
v0000021f9bfdcb20_0 .net "frame_in", 23 0, L_0000021f9bfe6dd0;  1 drivers
v0000021f9bfdb860_0 .net "frame_valid_out", 0 0, L_0000021f9bf44d70;  alias, 1 drivers
v0000021f9bfdcc60_0 .net "idle", 0 0, L_0000021f9bfe6790;  1 drivers
v0000021f9bfdcd00_0 .net "rst_n", 0 0, v0000021f9bfe5110_0;  alias, 1 drivers
v0000021f9bfdb7c0_0 .net "serial_out", 0 0, L_0000021f9bfe6830;  alias, 1 drivers
v0000021f9bfdbc20_0 .var "shift_reg", 23 0;
v0000021f9bfdbcc0_0 .net "start", 0 0, L_0000021f9bf44670;  1 drivers
v0000021f9bfdb9a0_0 .var "transmitting", 0 0;
v0000021f9bfdc3a0_0 .net "valid_i", 0 0, v0000021f9bfde470_0;  1 drivers
v0000021f9bfdba40_0 .net "wdata_i", 7 0, v0000021f9bfde510_0;  1 drivers
L_0000021f9bfe6dd0 .concat [ 8 16 0 0], v0000021f9bfde510_0, L_0000021f9bfe6bf0;
L_0000021f9bfe6790 .reduce/nor v0000021f9bfdb9a0_0;
L_0000021f9bfe57f0 .part L_0000021f9bfe6dd0, 23, 1;
L_0000021f9bfe6e70 .part v0000021f9bfdbc20_0, 23, 1;
L_0000021f9bfe6830 .functor MUXZ 1, L_0000021f9bfe6e70, L_0000021f9bfe57f0, L_0000021f9bf44670, C4<>;
S_0000021f9bfd0760 .scope module, "u_deserializer" "addr_data_deserializer" 19 92, 16 7 0, S_0000021f9bfd0120;
 .timescale -9 -12;
    .port_info 0 /INPUT 1 "clk";
    .port_info 1 /INPUT 1 "rst";
    .port_info 2 /INPUT 1 "cs_i";
    .port_info 3 /INPUT 1 "addr_data_i";
    .port_info 4 /INPUT 1 "valid_i";
    .port_info 5 /OUTPUT 1 "we_o";
    .port_info 6 /OUTPUT 15 "addr_o";
    .port_info 7 /OUTPUT 8 "wdata_o";
    .port_info 8 /OUTPUT 1 "frame_done";
P_0000021f9be614d0 .param/l "ADDR_W" 0 16 8, +C4<00000000000000000000000000001111>;
P_0000021f9be61508 .param/l "DATA_W" 0 16 10, +C4<00000000000000000000000000001000>;
P_0000021f9be61540 .param/l "FRAME_W" 0 16 11, +C4<0000000000000000000000000000011000>;
P_0000021f9be61578 .param/l "RW" 0 16 9, +C4<00000000000000000000000000000001>;
L_0000021f9bf44b40 .functor AND 1, v0000021f9bfba200_0, L_0000021f9bfe4990, C4<1>, C4<1>;
v0000021f9bfdbe00_0 .net *"_ivl_1", 22 0, L_0000021f9bfe66f0;  1 drivers
v0000021f9bfdc260_0 .net "addr_data_i", 0 0, L_0000021f9bfe48f0;  alias, 1 drivers
v0000021f9bfdbea0_0 .var "addr_o", 14 0;
v0000021f9bfdc940_0 .var "bit_count", 5 0;
v0000021f9bfdc800_0 .var "capturing", 0 0;
v0000021f9bfdc440_0 .net "clk", 0 0, v0000021f9bfe3e50_0;  alias, 1 drivers
v0000021f9bfdc080_0 .net "cs_i", 0 0, v0000021f9bfba200_0;  alias, 1 drivers
v0000021f9bfdc760_0 .var "frame_done", 0 0;
v0000021f9bfdc580_0 .net "rst", 0 0, v0000021f9bfe5110_0;  alias, 1 drivers
v0000021f9bfdc4e0_0 .net "sel", 0 0, L_0000021f9bf44b40;  1 drivers
v0000021f9bfdbae0_0 .net "shift_next", 23 0, L_0000021f9bfe6330;  1 drivers
v0000021f9bfdbd60_0 .var "shift_reg", 23 0;
v0000021f9bfdc620_0 .net "valid_i", 0 0, L_0000021f9bfe4990;  alias, 1 drivers
v0000021f9bfdca80_0 .var "wdata_o", 7 0;
v0000021f9bfdcda0_0 .var "we_o", 0 0;
L_0000021f9bfe66f0 .part v0000021f9bfdbd60_0, 0, 23;
L_0000021f9bfe6330 .concat [ 1 23 0 0], L_0000021f9bfe48f0, L_0000021f9bfe66f0;
S_0000021f9bfd05d0 .scope module, "u_deserializer_b" "deserializer" 19 137, 8 1 0, S_0000021f9bfd0120;
 .timescale -9 -12;
    .port_info 0 /INPUT 1 "clk_in";
    .port_info 1 /INPUT 1 "rst_n";
    .port_info 2 /INPUT 1 "serial_in";
    .port_info 3 /INPUT 1 "data_valid_in";
    .port_info 4 /OUTPUT 8 "data_out";
    .port_info 5 /OUTPUT 1 "data_valid";
L_0000021f9bf43e90 .functor AND 1, L_0000021f9bfe5f70, L_0000021f9bfe5930, C4<1>, C4<1>;
L_0000021f9bf44980 .functor BUFZ 8, v0000021f9bfdeb50_0, C4<00000000>, C4<00000000>, C4<00000000>;
v0000021f9bfdbf40_0 .net *"_ivl_1", 0 0, L_0000021f9bfe5f70;  1 drivers
L_0000021f9bfe7500 .functor BUFT 1, C4<111>, C4<0>, C4<0>, C4<0>;
v0000021f9bfdce40_0 .net/2u *"_ivl_2", 2 0, L_0000021f9bfe7500;  1 drivers
v0000021f9bfdefb0_0 .net *"_ivl_4", 0 0, L_0000021f9bfe5930;  1 drivers
v0000021f9bfded30_0 .var "bit_counter", 2 0;
v0000021f9bfdd4d0_0 .net "clk_in", 0 0, v0000021f9bfe3e50_0;  alias, 1 drivers
v0000021f9bfdd890_0 .net "data_out", 7 0, L_0000021f9bf44980;  alias, 1 drivers
v0000021f9bfdf550_0 .net "data_valid", 0 0, L_0000021f9bf43e90;  alias, 1 drivers
v0000021f9bfdcfd0_0 .net "data_valid_in", 0 0, L_0000021f9bfe3b30;  alias, 1 drivers
v0000021f9bfdd2f0_0 .var "receiving", 0 0;
v0000021f9bfdd570_0 .net "rst_n", 0 0, v0000021f9bfe5110_0;  alias, 1 drivers
v0000021f9bfdf2d0_0 .net "serial_in", 0 0, L_0000021f9bf43e20;  alias, 1 drivers
v0000021f9bfdeb50_0 .var "shift_reg", 7 0;
L_0000021f9bfe5f70 .reduce/nor v0000021f9bfdd2f0_0;
L_0000021f9bfe5930 .cmp/eq 3, v0000021f9bfded30_0, L_0000021f9bfe7500;
S_0000021f9bfe1ac0 .scope module, "u_serializer" "Serializer" 19 152, 17 1 0, S_0000021f9bfd0120;
 .timescale -9 -12;
    .port_info 0 /INPUT 1 "clk_in";
    .port_info 1 /INPUT 1 "rst_n";
    .port_info 2 /INPUT 8 "data_in";
    .port_info 3 /INPUT 1 "data_valid";
    .port_info 4 /OUTPUT 1 "serial_out";
    .port_info 5 /OUTPUT 1 "data_valid_out";
    .port_info 6 /OUTPUT 1 "done";
L_0000021f9bf44280 .functor BUFZ 1, v0000021f9bfde5b0_0, C4<0>, C4<0>, C4<0>;
L_0000021f9bf43fe0 .functor AND 1, L_0000021f9bfe68d0, v0000021f9bfdd7f0_0, C4<1>, C4<1>;
v0000021f9bfdd9d0_0 .net *"_ivl_3", 0 0, L_0000021f9bfe68d0;  1 drivers
v0000021f9bfdd930_0 .net *"_ivl_7", 0 0, L_0000021f9bfe60b0;  1 drivers
L_0000021f9bfe7548 .functor BUFT 1, C4<0>, C4<0>, C4<0>, C4<0>;
v0000021f9bfde970_0 .net/2u *"_ivl_8", 0 0, L_0000021f9bfe7548;  1 drivers
v0000021f9bfdf5f0_0 .var "bit_counter", 2 0;
v0000021f9bfdf730_0 .net "clk_in", 0 0, v0000021f9bfe3e50_0;  alias, 1 drivers
v0000021f9bfddd90_0 .net "data_in", 7 0, v0000021f9bfde010_0;  1 drivers
v0000021f9bfdf370_0 .net "data_valid", 0 0, v0000021f9bfdd7f0_0;  1 drivers
v0000021f9bfdd070_0 .net "data_valid_out", 0 0, L_0000021f9bf44280;  alias, 1 drivers
v0000021f9bfdebf0_0 .net "done", 0 0, L_0000021f9bf43fe0;  1 drivers
v0000021f9bfdf690_0 .net "rst_n", 0 0, v0000021f9bfe5110_0;  alias, 1 drivers
v0000021f9bfdeab0_0 .net "serial_out", 0 0, L_0000021f9bfe6470;  alias, 1 drivers
v0000021f9bfdd1b0_0 .var "shift_reg", 7 0;
v0000021f9bfde5b0_0 .var "transmitting", 0 0;
L_0000021f9bfe68d0 .reduce/nor v0000021f9bfde5b0_0;
L_0000021f9bfe60b0 .part v0000021f9bfdd1b0_0, 7, 1;
L_0000021f9bfe6470 .functor MUXZ 1, L_0000021f9bfe7548, L_0000021f9bfe60b0, v0000021f9bfde5b0_0, C4<>;
    .scope S_0000021f9be946b0;
T_1 ;
    %wait E_0000021f9bf31560;
    %load/vec4 v0000021f9bea37f0_0;
    %nor/r;
    %flag_set/vec4 8;
    %jmp/0xz  T_1.0, 8;
    %pushi/vec4 0, 0, 24;
    %assign/vec4 v0000021f9bea3c50_0, 0;
    %pushi/vec4 0, 0, 5;
    %assign/vec4 v0000021f9bf172d0_0, 0;
    %pushi/vec4 0, 0, 1;
    %assign/vec4 v0000021f9bea1e50_0, 0;
    %jmp T_1.1;
T_1.0 ;
    %load/vec4 v0000021f9bea1db0_0;
    %flag_set/vec4 8;
    %jmp/0xz  T_1.2, 8;
    %load/vec4 v0000021f9bea2990_0;
    %parti/s 23, 0, 2;
    %concati/vec4 0, 0, 1;
    %assign/vec4 v0000021f9bea3c50_0, 0;
    %pushi/vec4 0, 0, 5;
    %assign/vec4 v0000021f9bf172d0_0, 0;
    %pushi/vec4 1, 0, 1;
    %assign/vec4 v0000021f9bea1e50_0, 0;
    %jmp T_1.3;
T_1.2 ;
    %load/vec4 v0000021f9bea1e50_0;
    %flag_set/vec4 8;
    %jmp/0xz  T_1.4, 8;
    %load/vec4 v0000021f9bf172d0_0;
    %pad/u 34;
    %cmpi/u 22, 0, 34;
    %jmp/0xz  T_1.6, 5;
    %load/vec4 v0000021f9bf172d0_0;
    %addi 1, 0, 5;
    %assign/vec4 v0000021f9bf172d0_0, 0;
    %load/vec4 v0000021f9bea3c50_0;
    %parti/s 23, 0, 2;
    %concati/vec4 0, 0, 1;
    %assign/vec4 v0000021f9bea3c50_0, 0;
    %jmp T_1.7;
T_1.6 ;
    %pushi/vec4 0, 0, 1;
    %assign/vec4 v0000021f9bea1e50_0, 0;
T_1.7 ;
T_1.4 ;
T_1.3 ;
T_1.1 ;
    %jmp T_1;
    .thread T_1;
    .scope S_0000021f9be94840;
T_2 ;
    %wait E_0000021f9bf31560;
    %load/vec4 v0000021f9bfb6960_0;
    %nor/r;
    %flag_set/vec4 8;
    %jmp/0xz  T_2.0, 8;
    %pushi/vec4 0, 0, 3;
    %assign/vec4 v0000021f9bfb52e0_0, 0;
    %pushi/vec4 0, 0, 8;
    %assign/vec4 v0000021f9bfb56a0_0, 0;
    %pushi/vec4 0, 0, 1;
    %assign/vec4 v0000021f9bfb5e20_0, 0;
    %jmp T_2.1;
T_2.0 ;
    %load/vec4 v0000021f9bfb4f20_0;
    %load/vec4 v0000021f9bfb5e20_0;
    %nor/r;
    %and;
    %flag_set/vec4 8;
    %jmp/0xz  T_2.2, 8;
    %pushi/vec4 1, 0, 1;
    %assign/vec4 v0000021f9bfb5e20_0, 0;
    %pushi/vec4 0, 0, 3;
    %assign/vec4 v0000021f9bfb52e0_0, 0;
    %jmp T_2.3;
T_2.2 ;
    %load/vec4 v0000021f9bfb5e20_0;
    %flag_set/vec4 8;
    %jmp/0xz  T_2.4, 8;
    %load/vec4 v0000021f9bfb52e0_0;
    %cmpi/u 7, 0, 3;
    %jmp/0xz  T_2.6, 5;
    %load/vec4 v0000021f9bfb56a0_0;
    %parti/s 7, 0, 2;
    %load/vec4 v0000021f9bfb6dc0_0;
    %concat/vec4; draw_concat_vec4
    %assign/vec4 v0000021f9bfb56a0_0, 0;
    %load/vec4 v0000021f9bfb52e0_0;
    %addi 1, 0, 3;
    %assign/vec4 v0000021f9bfb52e0_0, 0;
    %jmp T_2.7;
T_2.6 ;
    %pushi/vec4 0, 0, 1;
    %assign/vec4 v0000021f9bfb5e20_0, 0;
T_2.7 ;
T_2.4 ;
T_2.3 ;
T_2.1 ;
    %jmp T_2;
    .thread T_2;
    .scope S_0000021f9be3a6c0;
T_3 ;
    %wait E_0000021f9bf31560;
    %load/vec4 v0000021f9bfb54c0_0;
    %nor/r;
    %flag_set/vec4 8;
    %jmp/0xz  T_3.0, 8;
    %pushi/vec4 0, 0, 3;
    %assign/vec4 v0000021f9bfb5880_0, 0;
    %pushi/vec4 0, 0, 32;
    %assign/vec4 v0000021f9bfb5060_0, 0;
    %pushi/vec4 0, 0, 32;
    %assign/vec4 v0000021f9bfb6640_0, 0;
    %pushi/vec4 0, 0, 1;
    %assign/vec4 v0000021f9bfb5420_0, 0;
    %pushi/vec4 0, 0, 1;
    %assign/vec4 v0000021f9bfb59c0_0, 0;
    %pushi/vec4 0, 0, 1;
    %assign/vec4 v0000021f9bfb5600_0, 0;
    %pushi/vec4 0, 0, 3;
    %assign/vec4 v0000021f9bfb5c40_0, 0;
    %pushi/vec4 0, 0, 32;
    %store/vec4 v0000021f9bfb5100_0, 0, 32;
T_3.2 ;
    %load/vec4 v0000021f9bfb5100_0;
    %cmpi/s 8, 0, 32;
    %jmp/0xz T_3.3, 5;
    %pushi/vec4 0, 0, 15;
    %ix/getv/s 3, v0000021f9bfb5100_0;
    %ix/load 4, 0, 0; Constant delay
    %assign/vec4/a/d v0000021f9bfb6c80, 0, 4;
    %pushi/vec4 0, 0, 8;
    %ix/getv/s 3, v0000021f9bfb5100_0;
    %ix/load 4, 0, 0; Constant delay
    %assign/vec4/a/d v0000021f9bfb5a60, 0, 4;
    %pushi/vec4 0, 0, 1;
    %ix/getv/s 3, v0000021f9bfb5100_0;
    %ix/load 4, 0, 0; Constant delay
    %assign/vec4/a/d v0000021f9bfb5d80, 0, 4;
    %pushi/vec4 0, 0, 8;
    %ix/getv/s 3, v0000021f9bfb5100_0;
    %ix/load 4, 0, 0; Constant delay
    %assign/vec4/a/d v0000021f9bfb6140, 0, 4;
    %load/vec4 v0000021f9bfb5100_0;
    %addi 1, 0, 32;
    %store/vec4 v0000021f9bfb5100_0, 0, 32;
    %jmp T_3.2;
T_3.3 ;
    %pushi/vec4 16385, 0, 15;
    %ix/load 3, 0, 0;
    %flag_set/imm 4, 0;
    %ix/load 4, 0, 0; Constant delay
    %assign/vec4/a/d v0000021f9bfb6c80, 0, 4;
    %pushi/vec4 17, 0, 8;
    %ix/load 3, 0, 0;
    %flag_set/imm 4, 0;
    %ix/load 4, 0, 0; Constant delay
    %assign/vec4/a/d v0000021f9bfb5a60, 0, 4;
    %pushi/vec4 1, 0, 1;
    %ix/load 3, 0, 0;
    %flag_set/imm 4, 0;
    %ix/load 4, 0, 0; Constant delay
    %assign/vec4/a/d v0000021f9bfb5d80, 0, 4;
    %pushi/vec4 16385, 0, 15;
    %ix/load 3, 1, 0;
    %flag_set/imm 4, 0;
    %ix/load 4, 0, 0; Constant delay
    %assign/vec4/a/d v0000021f9bfb6c80, 0, 4;
    %pushi/vec4 0, 0, 8;
    %ix/load 3, 1, 0;
    %flag_set/imm 4, 0;
    %ix/load 4, 0, 0; Constant delay
    %assign/vec4/a/d v0000021f9bfb5a60, 0, 4;
    %pushi/vec4 0, 0, 1;
    %ix/load 3, 1, 0;
    %flag_set/imm 4, 0;
    %ix/load 4, 0, 0; Constant delay
    %assign/vec4/a/d v0000021f9bfb5d80, 0, 4;
    %pushi/vec4 20485, 0, 15;
    %ix/load 3, 2, 0;
    %flag_set/imm 4, 0;
    %ix/load 4, 0, 0; Constant delay
    %assign/vec4/a/d v0000021f9bfb6c80, 0, 4;
    %pushi/vec4 34, 0, 8;
    %ix/load 3, 2, 0;
    %flag_set/imm 4, 0;
    %ix/load 4, 0, 0; Constant delay
    %assign/vec4/a/d v0000021f9bfb5a60, 0, 4;
    %pushi/vec4 1, 0, 1;
    %ix/load 3, 2, 0;
    %flag_set/imm 4, 0;
    %ix/load 4, 0, 0; Constant delay
    %assign/vec4/a/d v0000021f9bfb5d80, 0, 4;
    %pushi/vec4 20485, 0, 15;
    %ix/load 3, 3, 0;
    %flag_set/imm 4, 0;
    %ix/load 4, 0, 0; Constant delay
    %assign/vec4/a/d v0000021f9bfb6c80, 0, 4;
    %pushi/vec4 0, 0, 8;
    %ix/load 3, 3, 0;
    %flag_set/imm 4, 0;
    %ix/load 4, 0, 0; Constant delay
    %assign/vec4/a/d v0000021f9bfb5a60, 0, 4;
    %pushi/vec4 0, 0, 1;
    %ix/load 3, 3, 0;
    %flag_set/imm 4, 0;
    %ix/load 4, 0, 0; Constant delay
    %assign/vec4/a/d v0000021f9bfb5d80, 0, 4;
    %pushi/vec4 16385, 0, 15;
    %ix/load 3, 4, 0;
    %flag_set/imm 4, 0;
    %ix/load 4, 0, 0; Constant delay
    %assign/vec4/a/d v0000021f9bfb6c80, 0, 4;
    %pushi/vec4 51, 0, 8;
    %ix/load 3, 4, 0;
    %flag_set/imm 4, 0;
    %ix/load 4, 0, 0; Constant delay
    %assign/vec4/a/d v0000021f9bfb5a60, 0, 4;
    %pushi/vec4 1, 0, 1;
    %ix/load 3, 4, 0;
    %flag_set/imm 4, 0;
    %ix/load 4, 0, 0; Constant delay
    %assign/vec4/a/d v0000021f9bfb5d80, 0, 4;
    %pushi/vec4 20481, 0, 15;
    %ix/load 3, 5, 0;
    %flag_set/imm 4, 0;
    %ix/load 4, 0, 0; Constant delay
    %assign/vec4/a/d v0000021f9bfb6c80, 0, 4;
    %pushi/vec4 0, 0, 8;
    %ix/load 3, 5, 0;
    %flag_set/imm 4, 0;
    %ix/load 4, 0, 0; Constant delay
    %assign/vec4/a/d v0000021f9bfb5a60, 0, 4;
    %pushi/vec4 0, 0, 1;
    %ix/load 3, 5, 0;
    %flag_set/imm 4, 0;
    %ix/load 4, 0, 0; Constant delay
    %assign/vec4/a/d v0000021f9bfb5d80, 0, 4;
    %pushi/vec4 20488, 0, 15;
    %ix/load 3, 6, 0;
    %flag_set/imm 4, 0;
    %ix/load 4, 0, 0; Constant delay
    %assign/vec4/a/d v0000021f9bfb6c80, 0, 4;
    %pushi/vec4 68, 0, 8;
    %ix/load 3, 6, 0;
    %flag_set/imm 4, 0;
    %ix/load 4, 0, 0; Constant delay
    %assign/vec4/a/d v0000021f9bfb5a60, 0, 4;
    %pushi/vec4 1, 0, 1;
    %ix/load 3, 6, 0;
    %flag_set/imm 4, 0;
    %ix/load 4, 0, 0; Constant delay
    %assign/vec4/a/d v0000021f9bfb5d80, 0, 4;
    %pushi/vec4 20488, 0, 15;
    %ix/load 3, 7, 0;
    %flag_set/imm 4, 0;
    %ix/load 4, 0, 0; Constant delay
    %assign/vec4/a/d v0000021f9bfb6c80, 0, 4;
    %pushi/vec4 0, 0, 8;
    %ix/load 3, 7, 0;
    %flag_set/imm 4, 0;
    %ix/load 4, 0, 0; Constant delay
    %assign/vec4/a/d v0000021f9bfb5a60, 0, 4;
    %pushi/vec4 0, 0, 1;
    %ix/load 3, 7, 0;
    %flag_set/imm 4, 0;
    %ix/load 4, 0, 0; Constant delay
    %assign/vec4/a/d v0000021f9bfb5d80, 0, 4;
    %jmp T_3.1;
T_3.0 ;
    %pushi/vec4 0, 0, 1;
    %assign/vec4 v0000021f9bfb59c0_0, 0;
    %load/vec4 v0000021f9bfb65a0_0;
    %assign/vec4 v0000021f9bfb5600_0, 0;
    %load/vec4 v0000021f9bfb5880_0;
    %dup/vec4;
    %pushi/vec4 0, 0, 3;
    %cmp/u;
    %jmp/1 T_3.4, 6;
    %dup/vec4;
    %pushi/vec4 1, 0, 3;
    %cmp/u;
    %jmp/1 T_3.5, 6;
    %dup/vec4;
    %pushi/vec4 2, 0, 3;
    %cmp/u;
    %jmp/1 T_3.6, 6;
    %dup/vec4;
    %pushi/vec4 3, 0, 3;
    %cmp/u;
    %jmp/1 T_3.7, 6;
    %dup/vec4;
    %pushi/vec4 4, 0, 3;
    %cmp/u;
    %jmp/1 T_3.8, 6;
    %pushi/vec4 1, 0, 3;
    %assign/vec4 v0000021f9bfb5880_0, 0;
    %jmp T_3.10;
T_3.4 ;
    %load/vec4 v0000021f9bfb5060_0;
    %cmpi/u 0, 0, 32;
    %flag_inv 5; GE is !LT
    %jmp/0xz  T_3.11, 5;
    %pushi/vec4 1, 0, 3;
    %assign/vec4 v0000021f9bfb5880_0, 0;
    %pushi/vec4 0, 0, 32;
    %assign/vec4 v0000021f9bfb5060_0, 0;
    %jmp T_3.12;
T_3.11 ;
    %load/vec4 v0000021f9bfb5060_0;
    %addi 1, 0, 32;
    %assign/vec4 v0000021f9bfb5060_0, 0;
T_3.12 ;
    %jmp T_3.10;
T_3.5 ;
    %load/vec4 v0000021f9bfb5c40_0;
    %pad/u 32;
    %cmpi/u 8, 0, 32;
    %jmp/0xz  T_3.13, 5;
    %pushi/vec4 1, 0, 1;
    %assign/vec4 v0000021f9bfb5420_0, 0;
    %pushi/vec4 2, 0, 3;
    %assign/vec4 v0000021f9bfb5880_0, 0;
    %jmp T_3.14;
T_3.13 ;
    %pushi/vec4 0, 0, 1;
    %assign/vec4 v0000021f9bfb5420_0, 0;
T_3.14 ;
    %jmp T_3.10;
T_3.6 ;
    %load/vec4 v0000021f9bfb60a0_0;
    %flag_set/vec4 8;
    %jmp/0xz  T_3.15, 8;
    %pushi/vec4 1, 0, 1;
    %assign/vec4 v0000021f9bfb59c0_0, 0;
    %pushi/vec4 0, 0, 32;
    %assign/vec4 v0000021f9bfb6640_0, 0;
    %pushi/vec4 3, 0, 3;
    %assign/vec4 v0000021f9bfb5880_0, 0;
T_3.15 ;
    %jmp T_3.10;
T_3.7 ;
    %load/vec4 v0000021f9bfb5c40_0;
    %pad/u 5;
    %ix/vec4 4;
    %load/vec4a v0000021f9bfb5d80, 4;
    %flag_set/vec4 8;
    %jmp/0xz  T_3.17, 8;
    %load/vec4 v0000021f9bfb6640_0;
    %cmpi/u 26, 0, 32;
    %flag_inv 5; GE is !LT
    %jmp/0xz  T_3.19, 5;
    %load/vec4 v0000021f9bfb5c40_0;
    %addi 1, 0, 3;
    %assign/vec4 v0000021f9bfb5c40_0, 0;
    %pushi/vec4 0, 0, 1;
    %assign/vec4 v0000021f9bfb5420_0, 0;
    %pushi/vec4 0, 0, 32;
    %assign/vec4 v0000021f9bfb6640_0, 0;
    %pushi/vec4 0, 0, 3;
    %assign/vec4 v0000021f9bfb5880_0, 0;
    %jmp T_3.20;
T_3.19 ;
    %load/vec4 v0000021f9bfb6640_0;
    %addi 1, 0, 32;
    %assign/vec4 v0000021f9bfb6640_0, 0;
T_3.20 ;
    %jmp T_3.18;
T_3.17 ;
    %load/vec4 v0000021f9bfb5740_0;
    %flag_set/vec4 8;
    %jmp/0xz  T_3.21, 8;
    %load/vec4 v0000021f9bfb6d20_0;
    %load/vec4 v0000021f9bfb5c40_0;
    %pad/u 5;
    %ix/vec4 3;
    %ix/load 4, 0, 0; Constant delay
    %assign/vec4/a/d v0000021f9bfb6140, 0, 4;
    %load/vec4 v0000021f9bfb5c40_0;
    %addi 1, 0, 3;
    %assign/vec4 v0000021f9bfb5c40_0, 0;
    %pushi/vec4 0, 0, 1;
    %assign/vec4 v0000021f9bfb5420_0, 0;
    %pushi/vec4 0, 0, 32;
    %assign/vec4 v0000021f9bfb6640_0, 0;
    %pushi/vec4 0, 0, 3;
    %assign/vec4 v0000021f9bfb5880_0, 0;
    %jmp T_3.22;
T_3.21 ;
    %load/vec4 v0000021f9bfb6640_0;
    %cmpi/u 40, 0, 32;
    %flag_inv 5; GE is !LT
    %jmp/0xz  T_3.23, 5;
    %pushi/vec4 0, 0, 1;
    %assign/vec4 v0000021f9bfb5420_0, 0;
    %pushi/vec4 0, 0, 32;
    %assign/vec4 v0000021f9bfb6640_0, 0;
    %pushi/vec4 0, 0, 32;
    %assign/vec4 v0000021f9bfb5060_0, 0;
    %pushi/vec4 4, 0, 3;
    %assign/vec4 v0000021f9bfb5880_0, 0;
    %jmp T_3.24;
T_3.23 ;
    %load/vec4 v0000021f9bfb6640_0;
    %addi 1, 0, 32;
    %assign/vec4 v0000021f9bfb6640_0, 0;
T_3.24 ;
T_3.22 ;
T_3.18 ;
    %jmp T_3.10;
T_3.8 ;
    %load/vec4 v0000021f9bfb5060_0;
    %cmpi/u 5, 0, 32;
    %flag_inv 5; GE is !LT
    %jmp/0xz  T_3.25, 5;
    %pushi/vec4 0, 0, 32;
    %assign/vec4 v0000021f9bfb5060_0, 0;
    %pushi/vec4 0, 0, 3;
    %assign/vec4 v0000021f9bfb5880_0, 0;
    %jmp T_3.26;
T_3.25 ;
    %load/vec4 v0000021f9bfb5060_0;
    %addi 1, 0, 32;
    %assign/vec4 v0000021f9bfb5060_0, 0;
T_3.26 ;
    %jmp T_3.10;
T_3.10 ;
    %pop/vec4 1;
T_3.1 ;
    %jmp T_3;
    .thread T_3;
    .scope S_0000021f9be4b8b0;
T_4 ;
    %wait E_0000021f9bf31560;
    %load/vec4 v0000021f9bfb72f0_0;
    %nor/r;
    %flag_set/vec4 8;
    %jmp/0xz  T_4.0, 8;
    %pushi/vec4 0, 0, 24;
    %assign/vec4 v0000021f9bfb8650_0, 0;
    %pushi/vec4 0, 0, 5;
    %assign/vec4 v0000021f9bfb6280_0, 0;
    %pushi/vec4 0, 0, 1;
    %assign/vec4 v0000021f9bfb7390_0, 0;
    %jmp T_4.1;
T_4.0 ;
    %load/vec4 v0000021f9bfb7930_0;
    %flag_set/vec4 8;
    %jmp/0xz  T_4.2, 8;
    %load/vec4 v0000021f9bfb7cf0_0;
    %parti/s 23, 0, 2;
    %concati/vec4 0, 0, 1;
    %assign/vec4 v0000021f9bfb8650_0, 0;
    %pushi/vec4 0, 0, 5;
    %assign/vec4 v0000021f9bfb6280_0, 0;
    %pushi/vec4 1, 0, 1;
    %assign/vec4 v0000021f9bfb7390_0, 0;
    %jmp T_4.3;
T_4.2 ;
    %load/vec4 v0000021f9bfb7390_0;
    %flag_set/vec4 8;
    %jmp/0xz  T_4.4, 8;
    %load/vec4 v0000021f9bfb6280_0;
    %pad/u 34;
    %cmpi/u 22, 0, 34;
    %jmp/0xz  T_4.6, 5;
    %load/vec4 v0000021f9bfb6280_0;
    %addi 1, 0, 5;
    %assign/vec4 v0000021f9bfb6280_0, 0;
    %load/vec4 v0000021f9bfb8650_0;
    %parti/s 23, 0, 2;
    %concati/vec4 0, 0, 1;
    %assign/vec4 v0000021f9bfb8650_0, 0;
    %jmp T_4.7;
T_4.6 ;
    %pushi/vec4 0, 0, 1;
    %assign/vec4 v0000021f9bfb7390_0, 0;
T_4.7 ;
T_4.4 ;
T_4.3 ;
T_4.1 ;
    %jmp T_4;
    .thread T_4;
    .scope S_0000021f9be4ba40;
T_5 ;
    %wait E_0000021f9bf31560;
    %load/vec4 v0000021f9bfb7d90_0;
    %nor/r;
    %flag_set/vec4 8;
    %jmp/0xz  T_5.0, 8;
    %pushi/vec4 0, 0, 3;
    %assign/vec4 v0000021f9bfb6fd0_0, 0;
    %pushi/vec4 0, 0, 8;
    %assign/vec4 v0000021f9bfb7070_0, 0;
    %pushi/vec4 0, 0, 1;
    %assign/vec4 v0000021f9bfb80b0_0, 0;
    %jmp T_5.1;
T_5.0 ;
    %load/vec4 v0000021f9bfb7430_0;
    %load/vec4 v0000021f9bfb80b0_0;
    %nor/r;
    %and;
    %flag_set/vec4 8;
    %jmp/0xz  T_5.2, 8;
    %pushi/vec4 1, 0, 1;
    %assign/vec4 v0000021f9bfb80b0_0, 0;
    %pushi/vec4 0, 0, 3;
    %assign/vec4 v0000021f9bfb6fd0_0, 0;
    %jmp T_5.3;
T_5.2 ;
    %load/vec4 v0000021f9bfb80b0_0;
    %flag_set/vec4 8;
    %jmp/0xz  T_5.4, 8;
    %load/vec4 v0000021f9bfb6fd0_0;
    %cmpi/u 7, 0, 3;
    %jmp/0xz  T_5.6, 5;
    %load/vec4 v0000021f9bfb7070_0;
    %parti/s 7, 0, 2;
    %load/vec4 v0000021f9bfb83d0_0;
    %concat/vec4; draw_concat_vec4
    %assign/vec4 v0000021f9bfb7070_0, 0;
    %load/vec4 v0000021f9bfb6fd0_0;
    %addi 1, 0, 3;
    %assign/vec4 v0000021f9bfb6fd0_0, 0;
    %jmp T_5.7;
T_5.6 ;
    %pushi/vec4 0, 0, 1;
    %assign/vec4 v0000021f9bfb80b0_0, 0;
T_5.7 ;
T_5.4 ;
T_5.3 ;
T_5.1 ;
    %jmp T_5;
    .thread T_5;
    .scope S_0000021f9be949d0;
T_6 ;
    %wait E_0000021f9bf31560;
    %load/vec4 v0000021f9bfb8510_0;
    %nor/r;
    %flag_set/vec4 8;
    %jmp/0xz  T_6.0, 8;
    %pushi/vec4 0, 0, 3;
    %assign/vec4 v0000021f9bfb8d30_0, 0;
    %pushi/vec4 0, 0, 32;
    %assign/vec4 v0000021f9bfb7610_0, 0;
    %pushi/vec4 0, 0, 32;
    %assign/vec4 v0000021f9bfb9620_0, 0;
    %pushi/vec4 0, 0, 1;
    %assign/vec4 v0000021f9bfb85b0_0, 0;
    %pushi/vec4 0, 0, 1;
    %assign/vec4 v0000021f9bfb9bc0_0, 0;
    %pushi/vec4 0, 0, 1;
    %assign/vec4 v0000021f9bfb8bf0_0, 0;
    %pushi/vec4 0, 0, 3;
    %assign/vec4 v0000021f9bfb9e40_0, 0;
    %pushi/vec4 0, 0, 32;
    %store/vec4 v0000021f9bfb7ed0_0, 0, 32;
T_6.2 ;
    %load/vec4 v0000021f9bfb7ed0_0;
    %cmpi/s 8, 0, 32;
    %jmp/0xz T_6.3, 5;
    %pushi/vec4 0, 0, 15;
    %ix/getv/s 3, v0000021f9bfb7ed0_0;
    %ix/load 4, 0, 0; Constant delay
    %assign/vec4/a/d v0000021f9bfb71b0, 0, 4;
    %pushi/vec4 0, 0, 8;
    %ix/getv/s 3, v0000021f9bfb7ed0_0;
    %ix/load 4, 0, 0; Constant delay
    %assign/vec4/a/d v0000021f9bfbaac0, 0, 4;
    %pushi/vec4 0, 0, 1;
    %ix/getv/s 3, v0000021f9bfb7ed0_0;
    %ix/load 4, 0, 0; Constant delay
    %assign/vec4/a/d v0000021f9bfbac00, 0, 4;
    %pushi/vec4 0, 0, 8;
    %ix/getv/s 3, v0000021f9bfb7ed0_0;
    %ix/load 4, 0, 0; Constant delay
    %assign/vec4/a/d v0000021f9bfb8290, 0, 4;
    %load/vec4 v0000021f9bfb7ed0_0;
    %addi 1, 0, 32;
    %store/vec4 v0000021f9bfb7ed0_0, 0, 32;
    %jmp T_6.2;
T_6.3 ;
    %pushi/vec4 16385, 0, 15;
    %ix/load 3, 0, 0;
    %flag_set/imm 4, 0;
    %ix/load 4, 0, 0; Constant delay
    %assign/vec4/a/d v0000021f9bfb71b0, 0, 4;
    %pushi/vec4 17, 0, 8;
    %ix/load 3, 0, 0;
    %flag_set/imm 4, 0;
    %ix/load 4, 0, 0; Constant delay
    %assign/vec4/a/d v0000021f9bfbaac0, 0, 4;
    %pushi/vec4 1, 0, 1;
    %ix/load 3, 0, 0;
    %flag_set/imm 4, 0;
    %ix/load 4, 0, 0; Constant delay
    %assign/vec4/a/d v0000021f9bfbac00, 0, 4;
    %pushi/vec4 16385, 0, 15;
    %ix/load 3, 1, 0;
    %flag_set/imm 4, 0;
    %ix/load 4, 0, 0; Constant delay
    %assign/vec4/a/d v0000021f9bfb71b0, 0, 4;
    %pushi/vec4 0, 0, 8;
    %ix/load 3, 1, 0;
    %flag_set/imm 4, 0;
    %ix/load 4, 0, 0; Constant delay
    %assign/vec4/a/d v0000021f9bfbaac0, 0, 4;
    %pushi/vec4 0, 0, 1;
    %ix/load 3, 1, 0;
    %flag_set/imm 4, 0;
    %ix/load 4, 0, 0; Constant delay
    %assign/vec4/a/d v0000021f9bfbac00, 0, 4;
    %pushi/vec4 20485, 0, 15;
    %ix/load 3, 2, 0;
    %flag_set/imm 4, 0;
    %ix/load 4, 0, 0; Constant delay
    %assign/vec4/a/d v0000021f9bfb71b0, 0, 4;
    %pushi/vec4 34, 0, 8;
    %ix/load 3, 2, 0;
    %flag_set/imm 4, 0;
    %ix/load 4, 0, 0; Constant delay
    %assign/vec4/a/d v0000021f9bfbaac0, 0, 4;
    %pushi/vec4 1, 0, 1;
    %ix/load 3, 2, 0;
    %flag_set/imm 4, 0;
    %ix/load 4, 0, 0; Constant delay
    %assign/vec4/a/d v0000021f9bfbac00, 0, 4;
    %pushi/vec4 20485, 0, 15;
    %ix/load 3, 3, 0;
    %flag_set/imm 4, 0;
    %ix/load 4, 0, 0; Constant delay
    %assign/vec4/a/d v0000021f9bfb71b0, 0, 4;
    %pushi/vec4 0, 0, 8;
    %ix/load 3, 3, 0;
    %flag_set/imm 4, 0;
    %ix/load 4, 0, 0; Constant delay
    %assign/vec4/a/d v0000021f9bfbaac0, 0, 4;
    %pushi/vec4 0, 0, 1;
    %ix/load 3, 3, 0;
    %flag_set/imm 4, 0;
    %ix/load 4, 0, 0; Constant delay
    %assign/vec4/a/d v0000021f9bfbac00, 0, 4;
    %pushi/vec4 16385, 0, 15;
    %ix/load 3, 4, 0;
    %flag_set/imm 4, 0;
    %ix/load 4, 0, 0; Constant delay
    %assign/vec4/a/d v0000021f9bfb71b0, 0, 4;
    %pushi/vec4 51, 0, 8;
    %ix/load 3, 4, 0;
    %flag_set/imm 4, 0;
    %ix/load 4, 0, 0; Constant delay
    %assign/vec4/a/d v0000021f9bfbaac0, 0, 4;
    %pushi/vec4 1, 0, 1;
    %ix/load 3, 4, 0;
    %flag_set/imm 4, 0;
    %ix/load 4, 0, 0; Constant delay
    %assign/vec4/a/d v0000021f9bfbac00, 0, 4;
    %pushi/vec4 20481, 0, 15;
    %ix/load 3, 5, 0;
    %flag_set/imm 4, 0;
    %ix/load 4, 0, 0; Constant delay
    %assign/vec4/a/d v0000021f9bfb71b0, 0, 4;
    %pushi/vec4 0, 0, 8;
    %ix/load 3, 5, 0;
    %flag_set/imm 4, 0;
    %ix/load 4, 0, 0; Constant delay
    %assign/vec4/a/d v0000021f9bfbaac0, 0, 4;
    %pushi/vec4 0, 0, 1;
    %ix/load 3, 5, 0;
    %flag_set/imm 4, 0;
    %ix/load 4, 0, 0; Constant delay
    %assign/vec4/a/d v0000021f9bfbac00, 0, 4;
    %pushi/vec4 20488, 0, 15;
    %ix/load 3, 6, 0;
    %flag_set/imm 4, 0;
    %ix/load 4, 0, 0; Constant delay
    %assign/vec4/a/d v0000021f9bfb71b0, 0, 4;
    %pushi/vec4 68, 0, 8;
    %ix/load 3, 6, 0;
    %flag_set/imm 4, 0;
    %ix/load 4, 0, 0; Constant delay
    %assign/vec4/a/d v0000021f9bfbaac0, 0, 4;
    %pushi/vec4 1, 0, 1;
    %ix/load 3, 6, 0;
    %flag_set/imm 4, 0;
    %ix/load 4, 0, 0; Constant delay
    %assign/vec4/a/d v0000021f9bfbac00, 0, 4;
    %pushi/vec4 20488, 0, 15;
    %ix/load 3, 7, 0;
    %flag_set/imm 4, 0;
    %ix/load 4, 0, 0; Constant delay
    %assign/vec4/a/d v0000021f9bfb71b0, 0, 4;
    %pushi/vec4 0, 0, 8;
    %ix/load 3, 7, 0;
    %flag_set/imm 4, 0;
    %ix/load 4, 0, 0; Constant delay
    %assign/vec4/a/d v0000021f9bfbaac0, 0, 4;
    %pushi/vec4 0, 0, 1;
    %ix/load 3, 7, 0;
    %flag_set/imm 4, 0;
    %ix/load 4, 0, 0; Constant delay
    %assign/vec4/a/d v0000021f9bfbac00, 0, 4;
    %jmp T_6.1;
T_6.0 ;
    %pushi/vec4 0, 0, 1;
    %assign/vec4 v0000021f9bfb9bc0_0, 0;
    %load/vec4 v0000021f9bfb8b50_0;
    %assign/vec4 v0000021f9bfb8bf0_0, 0;
    %load/vec4 v0000021f9bfb8d30_0;
    %dup/vec4;
    %pushi/vec4 0, 0, 3;
    %cmp/u;
    %jmp/1 T_6.4, 6;
    %dup/vec4;
    %pushi/vec4 1, 0, 3;
    %cmp/u;
    %jmp/1 T_6.5, 6;
    %dup/vec4;
    %pushi/vec4 2, 0, 3;
    %cmp/u;
    %jmp/1 T_6.6, 6;
    %dup/vec4;
    %pushi/vec4 3, 0, 3;
    %cmp/u;
    %jmp/1 T_6.7, 6;
    %dup/vec4;
    %pushi/vec4 4, 0, 3;
    %cmp/u;
    %jmp/1 T_6.8, 6;
    %pushi/vec4 1, 0, 3;
    %assign/vec4 v0000021f9bfb8d30_0, 0;
    %jmp T_6.10;
T_6.4 ;
    %load/vec4 v0000021f9bfb7610_0;
    %cmpi/u 0, 0, 32;
    %flag_inv 5; GE is !LT
    %jmp/0xz  T_6.11, 5;
    %pushi/vec4 1, 0, 3;
    %assign/vec4 v0000021f9bfb8d30_0, 0;
    %pushi/vec4 0, 0, 32;
    %assign/vec4 v0000021f9bfb7610_0, 0;
    %jmp T_6.12;
T_6.11 ;
    %load/vec4 v0000021f9bfb7610_0;
    %addi 1, 0, 32;
    %assign/vec4 v0000021f9bfb7610_0, 0;
T_6.12 ;
    %jmp T_6.10;
T_6.5 ;
    %load/vec4 v0000021f9bfb9e40_0;
    %pad/u 32;
    %cmpi/u 8, 0, 32;
    %jmp/0xz  T_6.13, 5;
    %pushi/vec4 1, 0, 1;
    %assign/vec4 v0000021f9bfb85b0_0, 0;
    %pushi/vec4 2, 0, 3;
    %assign/vec4 v0000021f9bfb8d30_0, 0;
    %jmp T_6.14;
T_6.13 ;
    %pushi/vec4 0, 0, 1;
    %assign/vec4 v0000021f9bfb85b0_0, 0;
T_6.14 ;
    %jmp T_6.10;
T_6.6 ;
    %load/vec4 v0000021f9bfb6f30_0;
    %flag_set/vec4 8;
    %jmp/0xz  T_6.15, 8;
    %pushi/vec4 1, 0, 1;
    %assign/vec4 v0000021f9bfb9bc0_0, 0;
    %pushi/vec4 0, 0, 32;
    %assign/vec4 v0000021f9bfb9620_0, 0;
    %pushi/vec4 3, 0, 3;
    %assign/vec4 v0000021f9bfb8d30_0, 0;
T_6.15 ;
    %jmp T_6.10;
T_6.7 ;
    %load/vec4 v0000021f9bfb9e40_0;
    %pad/u 5;
    %ix/vec4 4;
    %load/vec4a v0000021f9bfbac00, 4;
    %flag_set/vec4 8;
    %jmp/0xz  T_6.17, 8;
    %load/vec4 v0000021f9bfb9620_0;
    %cmpi/u 26, 0, 32;
    %flag_inv 5; GE is !LT
    %jmp/0xz  T_6.19, 5;
    %load/vec4 v0000021f9bfb9e40_0;
    %addi 1, 0, 3;
    %assign/vec4 v0000021f9bfb9e40_0, 0;
    %pushi/vec4 0, 0, 1;
    %assign/vec4 v0000021f9bfb85b0_0, 0;
    %pushi/vec4 0, 0, 32;
    %assign/vec4 v0000021f9bfb9620_0, 0;
    %pushi/vec4 0, 0, 3;
    %assign/vec4 v0000021f9bfb8d30_0, 0;
    %jmp T_6.20;
T_6.19 ;
    %load/vec4 v0000021f9bfb9620_0;
    %addi 1, 0, 32;
    %assign/vec4 v0000021f9bfb9620_0, 0;
T_6.20 ;
    %jmp T_6.18;
T_6.17 ;
    %load/vec4 v0000021f9bfb8c90_0;
    %flag_set/vec4 8;
    %jmp/0xz  T_6.21, 8;
    %load/vec4 v0000021f9bfb8470_0;
    %load/vec4 v0000021f9bfb9e40_0;
    %pad/u 5;
    %ix/vec4 3;
    %ix/load 4, 0, 0; Constant delay
    %assign/vec4/a/d v0000021f9bfb8290, 0, 4;
    %load/vec4 v0000021f9bfb9e40_0;
    %addi 1, 0, 3;
    %assign/vec4 v0000021f9bfb9e40_0, 0;
    %pushi/vec4 0, 0, 1;
    %assign/vec4 v0000021f9bfb85b0_0, 0;
    %pushi/vec4 0, 0, 32;
    %assign/vec4 v0000021f9bfb9620_0, 0;
    %pushi/vec4 0, 0, 3;
    %assign/vec4 v0000021f9bfb8d30_0, 0;
    %jmp T_6.22;
T_6.21 ;
    %load/vec4 v0000021f9bfb9620_0;
    %cmpi/u 40, 0, 32;
    %flag_inv 5; GE is !LT
    %jmp/0xz  T_6.23, 5;
    %pushi/vec4 0, 0, 1;
    %assign/vec4 v0000021f9bfb85b0_0, 0;
    %pushi/vec4 0, 0, 32;
    %assign/vec4 v0000021f9bfb9620_0, 0;
    %pushi/vec4 0, 0, 32;
    %assign/vec4 v0000021f9bfb7610_0, 0;
    %pushi/vec4 4, 0, 3;
    %assign/vec4 v0000021f9bfb8d30_0, 0;
    %jmp T_6.24;
T_6.23 ;
    %load/vec4 v0000021f9bfb9620_0;
    %addi 1, 0, 32;
    %assign/vec4 v0000021f9bfb9620_0, 0;
T_6.24 ;
T_6.22 ;
T_6.18 ;
    %jmp T_6.10;
T_6.8 ;
    %load/vec4 v0000021f9bfb7610_0;
    %cmpi/u 5, 0, 32;
    %flag_inv 5; GE is !LT
    %jmp/0xz  T_6.25, 5;
    %pushi/vec4 0, 0, 32;
    %assign/vec4 v0000021f9bfb7610_0, 0;
    %pushi/vec4 0, 0, 3;
    %assign/vec4 v0000021f9bfb8d30_0, 0;
    %jmp T_6.26;
T_6.25 ;
    %load/vec4 v0000021f9bfb7610_0;
    %addi 1, 0, 32;
    %assign/vec4 v0000021f9bfb7610_0, 0;
T_6.26 ;
    %jmp T_6.10;
T_6.10 ;
    %pop/vec4 1;
T_6.1 ;
    %jmp T_6;
    .thread T_6;
    .scope S_0000021f9bdfa9a0;
T_7 ;
    %wait E_0000021f9bf31560;
    %load/vec4 v0000021f9bfcb1e0_0;
    %nor/r;
    %flag_set/vec4 8;
    %jmp/0xz  T_7.0, 8;
    %pushi/vec4 0, 0, 2;
    %assign/vec4 v0000021f9bfcbb40_0, 0;
    %pushi/vec4 0, 0, 1;
    %assign/vec4 v0000021f9bfb9080_0, 0;
    %pushi/vec4 0, 0, 1;
    %assign/vec4 v0000021f9bfb9120_0, 0;
    %pushi/vec4 0, 0, 1;
    %assign/vec4 v0000021f9bfba840_0, 0;
    %pushi/vec4 0, 0, 1;
    %assign/vec4 v0000021f9bfb8fe0_0, 0;
    %pushi/vec4 0, 0, 1;
    %assign/vec4 v0000021f9bfba8e0_0, 0;
    %pushi/vec4 0, 0, 1;
    %assign/vec4 v0000021f9bfbab60_0, 0;
    %pushi/vec4 0, 0, 1;
    %assign/vec4 v0000021f9bfb91c0_0, 0;
    %pushi/vec4 0, 0, 1;
    %assign/vec4 v0000021f9bfcbaa0_0, 0;
    %jmp T_7.1;
T_7.0 ;
    %load/vec4 v0000021f9bfcbb40_0;
    %dup/vec4;
    %pushi/vec4 0, 0, 2;
    %cmp/u;
    %jmp/1 T_7.2, 6;
    %dup/vec4;
    %pushi/vec4 1, 0, 2;
    %cmp/u;
    %jmp/1 T_7.3, 6;
    %dup/vec4;
    %pushi/vec4 2, 0, 2;
    %cmp/u;
    %jmp/1 T_7.4, 6;
    %dup/vec4;
    %pushi/vec4 3, 0, 2;
    %cmp/u;
    %jmp/1 T_7.5, 6;
    %pushi/vec4 0, 0, 2;
    %assign/vec4 v0000021f9bfcbb40_0, 0;
    %jmp T_7.7;
T_7.2 ;
    %load/vec4 v0000021f9bfb9300_0;
    %flag_set/vec4 8;
    %jmp/0xz  T_7.8, 8;
    %pushi/vec4 1, 0, 1;
    %assign/vec4 v0000021f9bfb9080_0, 0;
    %pushi/vec4 0, 0, 1;
    %assign/vec4 v0000021f9bfbab60_0, 0;
    %pushi/vec4 0, 0, 1;
    %assign/vec4 v0000021f9bfba840_0, 0;
    %pushi/vec4 0, 0, 1;
    %assign/vec4 v0000021f9bfb8fe0_0, 0;
    %pushi/vec4 0, 0, 1;
    %assign/vec4 v0000021f9bfba8e0_0, 0;
    %pushi/vec4 1, 0, 2;
    %assign/vec4 v0000021f9bfcbb40_0, 0;
    %jmp T_7.9;
T_7.8 ;
    %load/vec4 v0000021f9bfb9440_0;
    %flag_set/vec4 8;
    %jmp/0xz  T_7.10, 8;
    %pushi/vec4 1, 0, 1;
    %assign/vec4 v0000021f9bfb9120_0, 0;
    %pushi/vec4 1, 0, 1;
    %assign/vec4 v0000021f9bfbab60_0, 0;
    %pushi/vec4 1, 0, 1;
    %assign/vec4 v0000021f9bfba840_0, 0;
    %pushi/vec4 1, 0, 1;
    %assign/vec4 v0000021f9bfb8fe0_0, 0;
    %pushi/vec4 1, 0, 1;
    %assign/vec4 v0000021f9bfba8e0_0, 0;
    %pushi/vec4 1, 0, 2;
    %assign/vec4 v0000021f9bfcbb40_0, 0;
T_7.10 ;
T_7.9 ;
    %jmp T_7.7;
T_7.3 ;
    %load/vec4 v0000021f9bfcb960_0;
    %flag_set/vec4 8;
    %jmp/0xz  T_7.12, 8;
    %load/vec4 v0000021f9bfbab60_0;
    %assign/vec4 v0000021f9bfb91c0_0, 0;
    %pushi/vec4 0, 0, 1;
    %assign/vec4 v0000021f9bfb9080_0, 0;
    %pushi/vec4 0, 0, 1;
    %assign/vec4 v0000021f9bfb9120_0, 0;
    %pushi/vec4 0, 0, 1;
    %assign/vec4 v0000021f9bfcbaa0_0, 0;
    %pushi/vec4 2, 0, 2;
    %assign/vec4 v0000021f9bfcbb40_0, 0;
    %jmp T_7.13;
T_7.12 ;
    %load/vec4 v0000021f9bfbab60_0;
    %pushi/vec4 0, 0, 1;
    %cmp/e;
    %flag_get/vec4 4;
    %load/vec4 v0000021f9bfb9300_0;
    %nor/r;
    %and;
    %flag_set/vec4 8;
    %jmp/0xz  T_7.14, 8;
    %pushi/vec4 0, 0, 1;
    %assign/vec4 v0000021f9bfb9080_0, 0;
    %pushi/vec4 0, 0, 2;
    %assign/vec4 v0000021f9bfcbb40_0, 0;
    %jmp T_7.15;
T_7.14 ;
    %load/vec4 v0000021f9bfbab60_0;
    %pushi/vec4 1, 0, 1;
    %cmp/e;
    %flag_get/vec4 4;
    %load/vec4 v0000021f9bfb9440_0;
    %nor/r;
    %and;
    %flag_set/vec4 8;
    %jmp/0xz  T_7.16, 8;
    %pushi/vec4 0, 0, 1;
    %assign/vec4 v0000021f9bfb9120_0, 0;
    %pushi/vec4 0, 0, 2;
    %assign/vec4 v0000021f9bfcbb40_0, 0;
T_7.16 ;
T_7.15 ;
T_7.13 ;
    %jmp T_7.7;
T_7.4 ;
    %load/vec4 v0000021f9bfcba00_0;
    %flag_set/vec4 8;
    %jmp/0xz  T_7.18, 8;
    %load/vec4 v0000021f9bfb91c0_0;
    %pushi/vec4 0, 0, 1;
    %cmp/e;
    %flag_get/vec4 4;
    %assign/vec4 v0000021f9bfb9080_0, 0;
    %load/vec4 v0000021f9bfb91c0_0;
    %pushi/vec4 1, 0, 1;
    %cmp/e;
    %flag_get/vec4 4;
    %assign/vec4 v0000021f9bfb9120_0, 0;
    %load/vec4 v0000021f9bfb91c0_0;
    %assign/vec4 v0000021f9bfbab60_0, 0;
    %load/vec4 v0000021f9bfb91c0_0;
    %assign/vec4 v0000021f9bfba840_0, 0;
    %load/vec4 v0000021f9bfb91c0_0;
    %assign/vec4 v0000021f9bfb8fe0_0, 0;
    %load/vec4 v0000021f9bfb91c0_0;
    %assign/vec4 v0000021f9bfba8e0_0, 0;
    %pushi/vec4 1, 0, 2;
    %assign/vec4 v0000021f9bfcbb40_0, 0;
    %jmp T_7.19;
T_7.18 ;
    %load/vec4 v0000021f9bfb91c0_0;
    %pushi/vec4 0, 0, 1;
    %cmp/e;
    %flag_get/vec4 4;
    %load/vec4 v0000021f9bfb9440_0;
    %and;
    %flag_set/vec4 8;
    %jmp/0xz  T_7.20, 8;
    %pushi/vec4 1, 0, 1;
    %assign/vec4 v0000021f9bfb9120_0, 0;
    %pushi/vec4 1, 0, 1;
    %assign/vec4 v0000021f9bfbab60_0, 0;
    %pushi/vec4 1, 0, 1;
    %assign/vec4 v0000021f9bfba840_0, 0;
    %pushi/vec4 1, 0, 1;
    %assign/vec4 v0000021f9bfb8fe0_0, 0;
    %pushi/vec4 1, 0, 1;
    %assign/vec4 v0000021f9bfba8e0_0, 0;
    %pushi/vec4 3, 0, 2;
    %assign/vec4 v0000021f9bfcbb40_0, 0;
    %jmp T_7.21;
T_7.20 ;
    %load/vec4 v0000021f9bfb91c0_0;
    %pushi/vec4 1, 0, 1;
    %cmp/e;
    %flag_get/vec4 4;
    %load/vec4 v0000021f9bfb9300_0;
    %and;
    %flag_set/vec4 8;
    %jmp/0xz  T_7.22, 8;
    %pushi/vec4 1, 0, 1;
    %assign/vec4 v0000021f9bfb9080_0, 0;
    %pushi/vec4 0, 0, 1;
    %assign/vec4 v0000021f9bfbab60_0, 0;
    %pushi/vec4 0, 0, 1;
    %assign/vec4 v0000021f9bfba840_0, 0;
    %pushi/vec4 0, 0, 1;
    %assign/vec4 v0000021f9bfb8fe0_0, 0;
    %pushi/vec4 0, 0, 1;
    %assign/vec4 v0000021f9bfba8e0_0, 0;
    %pushi/vec4 3, 0, 2;
    %assign/vec4 v0000021f9bfcbb40_0, 0;
T_7.22 ;
T_7.21 ;
T_7.19 ;
    %jmp T_7.7;
T_7.5 ;
    %load/vec4 v0000021f9bfcba00_0;
    %flag_set/vec4 8;
    %jmp/0xz  T_7.24, 8;
    %pushi/vec4 1, 0, 1;
    %assign/vec4 v0000021f9bfcbaa0_0, 0;
T_7.24 ;
    %load/vec4 v0000021f9bfcb820_0;
    %load/vec4 v0000021f9bfcba00_0;
    %load/vec4 v0000021f9bfcbaa0_0;
    %or;
    %and;
    %flag_set/vec4 8;
    %jmp/0xz  T_7.26, 8;
    %load/vec4 v0000021f9bfb91c0_0;
    %pushi/vec4 0, 0, 1;
    %cmp/e;
    %flag_get/vec4 4;
    %assign/vec4 v0000021f9bfb9080_0, 0;
    %load/vec4 v0000021f9bfb91c0_0;
    %pushi/vec4 1, 0, 1;
    %cmp/e;
    %flag_get/vec4 4;
    %assign/vec4 v0000021f9bfb9120_0, 0;
    %load/vec4 v0000021f9bfb91c0_0;
    %assign/vec4 v0000021f9bfbab60_0, 0;
    %load/vec4 v0000021f9bfb91c0_0;
    %assign/vec4 v0000021f9bfba840_0, 0;
    %load/vec4 v0000021f9bfb91c0_0;
    %assign/vec4 v0000021f9bfb8fe0_0, 0;
    %load/vec4 v0000021f9bfb91c0_0;
    %assign/vec4 v0000021f9bfba8e0_0, 0;
    %pushi/vec4 0, 0, 1;
    %assign/vec4 v0000021f9bfcbaa0_0, 0;
    %pushi/vec4 1, 0, 2;
    %assign/vec4 v0000021f9bfcbb40_0, 0;
    %jmp T_7.27;
T_7.26 ;
    %load/vec4 v0000021f9bfcb820_0;
    %load/vec4 v0000021f9bfbab60_0;
    %pushi/vec4 0, 0, 1;
    %cmp/e;
    %flag_get/vec4 4;
    %load/vec4 v0000021f9bfb9300_0;
    %nor/r;
    %and;
    %load/vec4 v0000021f9bfbab60_0;
    %pushi/vec4 1, 0, 1;
    %cmp/e;
    %flag_get/vec4 4;
    %load/vec4 v0000021f9bfb9440_0;
    %nor/r;
    %and;
    %or;
    %and;
    %flag_set/vec4 8;
    %jmp/0xz  T_7.28, 8;
    %pushi/vec4 0, 0, 1;
    %assign/vec4 v0000021f9bfb9080_0, 0;
    %pushi/vec4 0, 0, 1;
    %assign/vec4 v0000021f9bfb9120_0, 0;
    %pushi/vec4 2, 0, 2;
    %assign/vec4 v0000021f9bfcbb40_0, 0;
T_7.28 ;
T_7.27 ;
    %jmp T_7.7;
T_7.7 ;
    %pop/vec4 1;
T_7.1 ;
    %jmp T_7;
    .thread T_7;
    .scope S_0000021f9bdfa810;
T_8 ;
    %wait E_0000021f9bf31c20;
    %pushi/vec4 0, 0, 1;
    %store/vec4 v0000021f9bfba160_0, 0, 1;
    %pushi/vec4 0, 0, 1;
    %store/vec4 v0000021f9bfbade0_0, 0, 1;
    %pushi/vec4 0, 0, 3;
    %store/vec4 v0000021f9bfba340_0, 0, 3;
    %load/vec4 v0000021f9bfba7a0_0;
    %flag_set/vec4 8;
    %jmp/0xz  T_8.0, 8;
    %load/vec4 v0000021f9bfb9a80_0;
    %nor/r;
    %flag_set/vec4 8;
    %jmp/0xz  T_8.2, 8;
    %pushi/vec4 4, 0, 3;
    %store/vec4 v0000021f9bfba340_0, 0, 3;
    %pushi/vec4 1, 0, 1;
    %store/vec4 v0000021f9bfbade0_0, 0, 1;
    %jmp T_8.3;
T_8.2 ;
    %load/vec4 v0000021f9bfba3e0_0;
    %dup/vec4;
    %pushi/vec4 0, 0, 2;
    %cmp/u;
    %jmp/1 T_8.4, 6;
    %dup/vec4;
    %pushi/vec4 1, 0, 2;
    %cmp/u;
    %jmp/1 T_8.5, 6;
    %dup/vec4;
    %pushi/vec4 2, 0, 2;
    %cmp/u;
    %jmp/1 T_8.6, 6;
    %dup/vec4;
    %pushi/vec4 3, 0, 2;
    %cmp/u;
    %jmp/1 T_8.7, 6;
    %pushi/vec4 0, 0, 3;
    %store/vec4 v0000021f9bfba340_0, 0, 3;
    %jmp T_8.9;
T_8.4 ;
    %pushi/vec4 1, 0, 3;
    %store/vec4 v0000021f9bfba340_0, 0, 3;
    %jmp T_8.9;
T_8.5 ;
    %pushi/vec4 2, 0, 3;
    %store/vec4 v0000021f9bfba340_0, 0, 3;
    %jmp T_8.9;
T_8.6 ;
    %pushi/vec4 4, 0, 3;
    %store/vec4 v0000021f9bfba340_0, 0, 3;
    %jmp T_8.9;
T_8.7 ;
    %pushi/vec4 1, 0, 1;
    %store/vec4 v0000021f9bfba160_0, 0, 1;
    %jmp T_8.9;
T_8.9 ;
    %pop/vec4 1;
T_8.3 ;
T_8.0 ;
    %load/vec4 v0000021f9bfba340_0;
    %parti/s 1, 0, 2;
    %store/vec4 v0000021f9bfbaca0_0, 0, 1;
    %load/vec4 v0000021f9bfba340_0;
    %parti/s 1, 1, 2;
    %store/vec4 v0000021f9bfb9760_0, 0, 1;
    %load/vec4 v0000021f9bfba340_0;
    %parti/s 1, 2, 3;
    %store/vec4 v0000021f9bfb8f40_0, 0, 1;
    %jmp T_8;
    .thread T_8, $push;
    .scope S_0000021f9be0b4e0;
T_9 ;
    %wait E_0000021f9bf31560;
    %load/vec4 v0000021f9bfb9940_0;
    %nor/r;
    %flag_set/vec4 8;
    %jmp/0xz  T_9.0, 8;
    %pushi/vec4 0, 0, 3;
    %assign/vec4 v0000021f9bfba660_0, 0;
    %pushi/vec4 0, 0, 2;
    %assign/vec4 v0000021f9bfb9b20_0, 0;
    %pushi/vec4 0, 0, 1;
    %assign/vec4 v0000021f9bfb99e0_0, 0;
    %pushi/vec4 0, 0, 1;
    %assign/vec4 v0000021f9bfb9800_0, 0;
    %pushi/vec4 0, 0, 3;
    %assign/vec4 v0000021f9bfb9580_0, 0;
    %jmp T_9.1;
T_9.0 ;
    %pushi/vec4 0, 0, 1;
    %assign/vec4 v0000021f9bfb9800_0, 0;
    %load/vec4 v0000021f9bfb99e0_0;
    %nor/r;
    %flag_set/vec4 8;
    %jmp/0xz  T_9.2, 8;
    %load/vec4 v0000021f9bfbaa20_0;
    %flag_set/vec4 8;
    %jmp/0xz  T_9.4, 8;
    %load/vec4 v0000021f9bfb9d00_0;
    %assign/vec4 v0000021f9bfba660_0, 0;
    %pushi/vec4 1, 0, 2;
    %assign/vec4 v0000021f9bfb9b20_0, 0;
    %pushi/vec4 1, 0, 1;
    %assign/vec4 v0000021f9bfb99e0_0, 0;
T_9.4 ;
    %jmp T_9.3;
T_9.2 ;
    %load/vec4 v0000021f9bfb9d00_0;
    %assign/vec4 v0000021f9bfba660_0, 0;
    %load/vec4 v0000021f9bfb9b20_0;
    %addi 1, 0, 2;
    %assign/vec4 v0000021f9bfb9b20_0, 0;
    %load/vec4 v0000021f9bfb9b20_0;
    %pad/u 33;
    %addi 1, 0, 33;
    %cmpi/e 3, 0, 33;
    %jmp/0xz  T_9.6, 4;
    %pushi/vec4 1, 0, 1;
    %assign/vec4 v0000021f9bfb9800_0, 0;
    %load/vec4 v0000021f9bfb9d00_0;
    %assign/vec4 v0000021f9bfb9580_0, 0;
    %pushi/vec4 0, 0, 1;
    %assign/vec4 v0000021f9bfb99e0_0, 0;
T_9.6 ;
T_9.3 ;
T_9.1 ;
    %jmp T_9;
    .thread T_9;
    .scope S_0000021f9be0b4e0;
T_10 ;
    %wait E_0000021f9bf31560;
    %load/vec4 v0000021f9bfb9940_0;
    %nor/r;
    %flag_set/vec4 8;
    %jmp/0xz  T_10.0, 8;
    %pushi/vec4 0, 0, 1;
    %assign/vec4 v0000021f9bfba0c0_0, 0;
    %pushi/vec4 0, 0, 1;
    %assign/vec4 v0000021f9bfb9c60_0, 0;
    %pushi/vec4 0, 0, 1;
    %assign/vec4 v0000021f9bfba200_0, 0;
    %pushi/vec4 0, 0, 1;
    %assign/vec4 v0000021f9bfb98a0_0, 0;
    %pushi/vec4 0, 0, 1;
    %assign/vec4 v0000021f9bfb9f80_0, 0;
    %jmp T_10.1;
T_10.0 ;
    %load/vec4 v0000021f9bfb9800_0;
    %flag_set/vec4 8;
    %jmp/0xz  T_10.2, 8;
    %load/vec4 v0000021f9bfba520_0;
    %assign/vec4 v0000021f9bfba0c0_0, 0;
    %load/vec4 v0000021f9bfba980_0;
    %assign/vec4 v0000021f9bfb9c60_0, 0;
    %load/vec4 v0000021f9bfba5c0_0;
    %assign/vec4 v0000021f9bfba200_0, 0;
    %load/vec4 v0000021f9bfba2a0_0;
    %assign/vec4 v0000021f9bfb98a0_0, 0;
    %load/vec4 v0000021f9bfb94e0_0;
    %assign/vec4 v0000021f9bfb9f80_0, 0;
    %jmp T_10.3;
T_10.2 ;
    %load/vec4 v0000021f9bfbaa20_0;
    %load/vec4 v0000021f9bfb99e0_0;
    %nor/r;
    %and;
    %flag_set/vec4 8;
    %jmp/0xz  T_10.4, 8;
    %pushi/vec4 0, 0, 1;
    %assign/vec4 v0000021f9bfba0c0_0, 0;
    %pushi/vec4 0, 0, 1;
    %assign/vec4 v0000021f9bfb9c60_0, 0;
    %pushi/vec4 0, 0, 1;
    %assign/vec4 v0000021f9bfba200_0, 0;
    %pushi/vec4 0, 0, 1;
    %assign/vec4 v0000021f9bfb98a0_0, 0;
    %pushi/vec4 0, 0, 1;
    %assign/vec4 v0000021f9bfb9f80_0, 0;
T_10.4 ;
T_10.3 ;
T_10.1 ;
    %jmp T_10;
    .thread T_10;
    .scope S_0000021f9be0b4e0;
T_11 ;
    %wait E_0000021f9bf31560;
    %load/vec4 v0000021f9bfb9940_0;
    %nor/r;
    %flag_set/vec4 8;
    %jmp/0xz  T_11.0, 8;
    %pushi/vec4 0, 0, 4;
    %assign/vec4 v0000021f9bfba020_0, 0;
    %pushi/vec4 0, 0, 4;
    %assign/vec4 v0000021f9bfb9da0_0, 0;
    %jmp T_11.1;
T_11.0 ;
    %load/vec4 v0000021f9bfba020_0;
    %parti/s 3, 0, 2;
    %load/vec4 v0000021f9bfb9260_0;
    %concat/vec4; draw_concat_vec4
    %assign/vec4 v0000021f9bfba020_0, 0;
    %load/vec4 v0000021f9bfb9da0_0;
    %parti/s 3, 0, 2;
    %load/vec4 v0000021f9bfbaa20_0;
    %concat/vec4; draw_concat_vec4
    %assign/vec4 v0000021f9bfb9da0_0, 0;
T_11.1 ;
    %jmp T_11;
    .thread T_11;
    .scope S_0000021f9bfd08f0;
T_12 ;
    %wait E_0000021f9bf31560;
    %load/vec4 v0000021f9bfce700_0;
    %nor/r;
    %flag_set/vec4 8;
    %jmp/0xz  T_12.0, 8;
    %pushi/vec4 0, 0, 24;
    %assign/vec4 v0000021f9bfcea20_0, 0;
    %pushi/vec4 0, 0, 6;
    %assign/vec4 v0000021f9bfcefc0_0, 0;
    %pushi/vec4 0, 0, 1;
    %assign/vec4 v0000021f9bfce5c0_0, 0;
    %pushi/vec4 0, 0, 1;
    %assign/vec4 v0000021f9bfcfba0_0, 0;
    %pushi/vec4 0, 0, 1;
    %assign/vec4 v0000021f9bfced40_0, 0;
    %pushi/vec4 0, 0, 15;
    %assign/vec4 v0000021f9bfce980_0, 0;
    %pushi/vec4 0, 0, 8;
    %assign/vec4 v0000021f9bfceb60_0, 0;
    %jmp T_12.1;
T_12.0 ;
    %pushi/vec4 0, 0, 1;
    %assign/vec4 v0000021f9bfcfba0_0, 0;
    %load/vec4 v0000021f9bfce5c0_0;
    %nor/r;
    %flag_set/vec4 8;
    %jmp/0xz  T_12.2, 8;
    %load/vec4 v0000021f9bfcfc40_0;
    %flag_set/vec4 8;
    %jmp/0xz  T_12.4, 8;
    %load/vec4 v0000021f9bfcfce0_0;
    %assign/vec4 v0000021f9bfcea20_0, 0;
    %pushi/vec4 1, 0, 6;
    %assign/vec4 v0000021f9bfcefc0_0, 0;
    %pushi/vec4 1, 0, 1;
    %assign/vec4 v0000021f9bfce5c0_0, 0;
T_12.4 ;
    %jmp T_12.3;
T_12.2 ;
    %load/vec4 v0000021f9bfcfce0_0;
    %assign/vec4 v0000021f9bfcea20_0, 0;
    %load/vec4 v0000021f9bfcefc0_0;
    %addi 1, 0, 6;
    %assign/vec4 v0000021f9bfcefc0_0, 0;
    %load/vec4 v0000021f9bfcefc0_0;
    %pad/u 34;
    %addi 1, 0, 34;
    %cmpi/e 24, 0, 34;
    %jmp/0xz  T_12.6, 4;
    %load/vec4 v0000021f9bfcfce0_0;
    %parti/s 1, 8, 5;
    %assign/vec4 v0000021f9bfced40_0, 0;
    %load/vec4 v0000021f9bfcfce0_0;
    %parti/s 15, 9, 5;
    %assign/vec4 v0000021f9bfce980_0, 0;
    %load/vec4 v0000021f9bfcfce0_0;
    %parti/s 8, 0, 2;
    %assign/vec4 v0000021f9bfceb60_0, 0;
    %pushi/vec4 1, 0, 1;
    %assign/vec4 v0000021f9bfcfba0_0, 0;
    %pushi/vec4 0, 0, 1;
    %assign/vec4 v0000021f9bfce5c0_0, 0;
T_12.6 ;
T_12.3 ;
T_12.1 ;
    %jmp T_12;
    .thread T_12;
    .scope S_0000021f9bfd0da0;
T_13 ;
    %wait E_0000021f9bf31560;
    %load/vec4 v0000021f9bfd92e0_0;
    %nor/r;
    %flag_set/vec4 8;
    %jmp/0xz  T_13.0, 8;
    %pushi/vec4 0, 0, 3;
    %assign/vec4 v0000021f9bfcf100_0, 0;
    %pushi/vec4 0, 0, 8;
    %assign/vec4 v0000021f9bfd94c0_0, 0;
    %pushi/vec4 0, 0, 1;
    %assign/vec4 v0000021f9bfdab40_0, 0;
    %jmp T_13.1;
T_13.0 ;
    %load/vec4 v0000021f9bfcf4c0_0;
    %load/vec4 v0000021f9bfdab40_0;
    %nor/r;
    %and;
    %flag_set/vec4 8;
    %jmp/0xz  T_13.2, 8;
    %load/vec4 v0000021f9bfcf420_0;
    %assign/vec4 v0000021f9bfd94c0_0, 0;
    %pushi/vec4 0, 0, 3;
    %assign/vec4 v0000021f9bfcf100_0, 0;
    %pushi/vec4 1, 0, 1;
    %assign/vec4 v0000021f9bfdab40_0, 0;
    %jmp T_13.3;
T_13.2 ;
    %load/vec4 v0000021f9bfdab40_0;
    %flag_set/vec4 8;
    %jmp/0xz  T_13.4, 8;
    %load/vec4 v0000021f9bfcf100_0;
    %cmpi/u 7, 0, 3;
    %jmp/0xz  T_13.6, 5;
    %load/vec4 v0000021f9bfcf100_0;
    %addi 1, 0, 3;
    %assign/vec4 v0000021f9bfcf100_0, 0;
    %load/vec4 v0000021f9bfd94c0_0;
    %parti/s 7, 0, 2;
    %concati/vec4 0, 0, 1;
    %assign/vec4 v0000021f9bfd94c0_0, 0;
    %jmp T_13.7;
T_13.6 ;
    %pushi/vec4 0, 0, 1;
    %assign/vec4 v0000021f9bfdab40_0, 0;
T_13.7 ;
T_13.4 ;
T_13.3 ;
T_13.1 ;
    %jmp T_13;
    .thread T_13;
    .scope S_0000021f9bfd0c10;
T_14 ;
    %wait E_0000021f9bf31560;
    %load/vec4 v0000021f9bfdb720_0;
    %nor/r;
    %flag_set/vec4 8;
    %jmp/0xz  T_14.0, 8;
    %pushi/vec4 0, 0, 8;
    %assign/vec4 v0000021f9bfdb5e0_0, 0;
    %pushi/vec4 0, 0, 1;
    %assign/vec4 v0000021f9bfdadc0_0, 0;
    %jmp T_14.1;
T_14.0 ;
    %pushi/vec4 0, 0, 1;
    %assign/vec4 v0000021f9bfdadc0_0, 0;
    %load/vec4 v0000021f9bfdafa0_0;
    %flag_set/vec4 8;
    %jmp/0xz  T_14.2, 8;
    %load/vec4 v0000021f9bfdac80_0;
    %flag_set/vec4 8;
    %jmp/0xz  T_14.4, 8;
    %load/vec4 v0000021f9bfd9600_0;
    %load/vec4 v0000021f9bfda000_0;
    %parti/s 4, 0, 2;
    %pad/u 6;
    %ix/vec4 3;
    %ix/load 4, 0, 0; Constant delay
    %assign/vec4/a/d v0000021f9bfd99c0, 0, 4;
    %jmp T_14.5;
T_14.4 ;
    %load/vec4 v0000021f9bfda000_0;
    %parti/s 4, 0, 2;
    %pad/u 6;
    %ix/vec4 4;
    %load/vec4a v0000021f9bfd99c0, 4;
    %assign/vec4 v0000021f9bfdb5e0_0, 0;
    %pushi/vec4 1, 0, 1;
    %assign/vec4 v0000021f9bfdadc0_0, 0;
T_14.5 ;
T_14.2 ;
T_14.1 ;
    %jmp T_14;
    .thread T_14;
    .scope S_0000021f9bfd0440;
T_15 ;
    %wait E_0000021f9bf31560;
    %load/vec4 v0000021f9bfd9e20_0;
    %nor/r;
    %flag_set/vec4 8;
    %jmp/0xz  T_15.0, 8;
    %pushi/vec4 0, 0, 24;
    %assign/vec4 v0000021f9bfdad20_0, 0;
    %pushi/vec4 0, 0, 6;
    %assign/vec4 v0000021f9bfda280_0, 0;
    %pushi/vec4 0, 0, 1;
    %assign/vec4 v0000021f9bfdb0e0_0, 0;
    %pushi/vec4 0, 0, 1;
    %assign/vec4 v0000021f9bfd8fc0_0, 0;
    %pushi/vec4 0, 0, 1;
    %assign/vec4 v0000021f9bfda320_0, 0;
    %pushi/vec4 0, 0, 15;
    %assign/vec4 v0000021f9bfda500_0, 0;
    %pushi/vec4 0, 0, 8;
    %assign/vec4 v0000021f9bfd9060_0, 0;
    %jmp T_15.1;
T_15.0 ;
    %pushi/vec4 0, 0, 1;
    %assign/vec4 v0000021f9bfd8fc0_0, 0;
    %load/vec4 v0000021f9bfdb0e0_0;
    %nor/r;
    %flag_set/vec4 8;
    %jmp/0xz  T_15.2, 8;
    %load/vec4 v0000021f9bfdaaa0_0;
    %flag_set/vec4 8;
    %jmp/0xz  T_15.4, 8;
    %load/vec4 v0000021f9bfd96a0_0;
    %assign/vec4 v0000021f9bfdad20_0, 0;
    %pushi/vec4 1, 0, 6;
    %assign/vec4 v0000021f9bfda280_0, 0;
    %pushi/vec4 1, 0, 1;
    %assign/vec4 v0000021f9bfdb0e0_0, 0;
T_15.4 ;
    %jmp T_15.3;
T_15.2 ;
    %load/vec4 v0000021f9bfd96a0_0;
    %assign/vec4 v0000021f9bfdad20_0, 0;
    %load/vec4 v0000021f9bfda280_0;
    %addi 1, 0, 6;
    %assign/vec4 v0000021f9bfda280_0, 0;
    %load/vec4 v0000021f9bfda280_0;
    %pad/u 34;
    %addi 1, 0, 34;
    %cmpi/e 24, 0, 34;
    %jmp/0xz  T_15.6, 4;
    %load/vec4 v0000021f9bfd96a0_0;
    %parti/s 1, 8, 5;
    %assign/vec4 v0000021f9bfda320_0, 0;
    %load/vec4 v0000021f9bfd96a0_0;
    %parti/s 15, 9, 5;
    %assign/vec4 v0000021f9bfda500_0, 0;
    %load/vec4 v0000021f9bfd96a0_0;
    %parti/s 8, 0, 2;
    %assign/vec4 v0000021f9bfd9060_0, 0;
    %pushi/vec4 1, 0, 1;
    %assign/vec4 v0000021f9bfd8fc0_0, 0;
    %pushi/vec4 0, 0, 1;
    %assign/vec4 v0000021f9bfdb0e0_0, 0;
T_15.6 ;
T_15.3 ;
T_15.1 ;
    %jmp T_15;
    .thread T_15;
    .scope S_0000021f9bfcff90;
T_16 ;
    %wait E_0000021f9bf31560;
    %load/vec4 v0000021f9bfdb400_0;
    %nor/r;
    %flag_set/vec4 8;
    %jmp/0xz  T_16.0, 8;
    %pushi/vec4 0, 0, 3;
    %assign/vec4 v0000021f9bfd9560_0, 0;
    %pushi/vec4 0, 0, 8;
    %assign/vec4 v0000021f9bfdb220_0, 0;
    %pushi/vec4 0, 0, 1;
    %assign/vec4 v0000021f9bfda780_0, 0;
    %jmp T_16.1;
T_16.0 ;
    %load/vec4 v0000021f9bfda5a0_0;
    %load/vec4 v0000021f9bfda780_0;
    %nor/r;
    %and;
    %flag_set/vec4 8;
    %jmp/0xz  T_16.2, 8;
    %load/vec4 v0000021f9bfd9920_0;
    %assign/vec4 v0000021f9bfdb220_0, 0;
    %pushi/vec4 0, 0, 3;
    %assign/vec4 v0000021f9bfd9560_0, 0;
    %pushi/vec4 1, 0, 1;
    %assign/vec4 v0000021f9bfda780_0, 0;
    %jmp T_16.3;
T_16.2 ;
    %load/vec4 v0000021f9bfda780_0;
    %flag_set/vec4 8;
    %jmp/0xz  T_16.4, 8;
    %load/vec4 v0000021f9bfd9560_0;
    %cmpi/u 7, 0, 3;
    %jmp/0xz  T_16.6, 5;
    %load/vec4 v0000021f9bfd9560_0;
    %addi 1, 0, 3;
    %assign/vec4 v0000021f9bfd9560_0, 0;
    %load/vec4 v0000021f9bfdb220_0;
    %parti/s 7, 0, 2;
    %concati/vec4 0, 0, 1;
    %assign/vec4 v0000021f9bfdb220_0, 0;
    %jmp T_16.7;
T_16.6 ;
    %pushi/vec4 0, 0, 1;
    %assign/vec4 v0000021f9bfda780_0, 0;
T_16.7 ;
T_16.4 ;
T_16.3 ;
T_16.1 ;
    %jmp T_16;
    .thread T_16;
    .scope S_0000021f9bfd0a80;
T_17 ;
    %wait E_0000021f9bf31560;
    %load/vec4 v0000021f9bfd91a0_0;
    %nor/r;
    %flag_set/vec4 8;
    %jmp/0xz  T_17.0, 8;
    %pushi/vec4 0, 0, 2;
    %assign/vec4 v0000021f9bfd97e0_0, 0;
    %pushi/vec4 0, 0, 1;
    %assign/vec4 v0000021f9bfd9740_0, 0;
    %pushi/vec4 0, 0, 1;
    %assign/vec4 v0000021f9bfdb360_0, 0;
    %pushi/vec4 0, 0, 4;
    %assign/vec4 v0000021f9bfdbb80_0, 0;
    %pushi/vec4 0, 0, 4;
    %assign/vec4 v0000021f9bfdb540_0, 0;
    %pushi/vec4 0, 0, 8;
    %assign/vec4 v0000021f9bfd9ce0_0, 0;
    %pushi/vec4 0, 0, 1;
    %assign/vec4 v0000021f9bfd9240_0, 0;
    %jmp T_17.1;
T_17.0 ;
    %pushi/vec4 0, 0, 1;
    %assign/vec4 v0000021f9bfd9740_0, 0;
    %pushi/vec4 0, 0, 1;
    %assign/vec4 v0000021f9bfdb360_0, 0;
    %pushi/vec4 0, 0, 1;
    %assign/vec4 v0000021f9bfd9240_0, 0;
    %load/vec4 v0000021f9bfd97e0_0;
    %dup/vec4;
    %pushi/vec4 0, 0, 2;
    %cmp/u;
    %jmp/1 T_17.2, 6;
    %dup/vec4;
    %pushi/vec4 1, 0, 2;
    %cmp/u;
    %jmp/1 T_17.3, 6;
    %dup/vec4;
    %pushi/vec4 2, 0, 2;
    %cmp/u;
    %jmp/1 T_17.4, 6;
    %dup/vec4;
    %pushi/vec4 3, 0, 2;
    %cmp/u;
    %jmp/1 T_17.5, 6;
    %pushi/vec4 0, 0, 2;
    %assign/vec4 v0000021f9bfd97e0_0, 0;
    %jmp T_17.7;
T_17.2 ;
    %load/vec4 v0000021f9bfda960_0;
    %flag_set/vec4 8;
    %jmp/0xz  T_17.8, 8;
    %load/vec4 v0000021f9bfdb900_0;
    %flag_set/vec4 8;
    %jmp/0xz  T_17.10, 8;
    %load/vec4 v0000021f9bfdcbc0_0;
    %load/vec4 v0000021f9bfd9c40_0;
    %parti/s 4, 0, 2;
    %pad/u 6;
    %ix/vec4 3;
    %ix/load 4, 0, 0; Constant delay
    %assign/vec4/a/d v0000021f9bfdaa00, 0, 4;
    %jmp T_17.11;
T_17.10 ;
    %load/vec4 v0000021f9bfd9c40_0;
    %parti/s 4, 0, 2;
    %assign/vec4 v0000021f9bfdb540_0, 0;
    %pushi/vec4 1, 0, 1;
    %assign/vec4 v0000021f9bfd9740_0, 0;
    %pushi/vec4 0, 0, 4;
    %assign/vec4 v0000021f9bfdbb80_0, 0;
    %pushi/vec4 1, 0, 2;
    %assign/vec4 v0000021f9bfd97e0_0, 0;
T_17.11 ;
T_17.8 ;
    %jmp T_17.7;
T_17.3 ;
    %load/vec4 v0000021f9bfdbb80_0;
    %pad/u 32;
    %cmpi/e 9, 0, 32;
    %jmp/0xz  T_17.12, 4;
    %pushi/vec4 2, 0, 2;
    %assign/vec4 v0000021f9bfd97e0_0, 0;
    %jmp T_17.13;
T_17.12 ;
    %load/vec4 v0000021f9bfdbb80_0;
    %addi 1, 0, 4;
    %assign/vec4 v0000021f9bfdbb80_0, 0;
T_17.13 ;
    %jmp T_17.7;
T_17.4 ;
    %load/vec4 v0000021f9bfdaf00_0;
    %flag_set/vec4 8;
    %jmp/0xz  T_17.14, 8;
    %pushi/vec4 1, 0, 1;
    %assign/vec4 v0000021f9bfdb360_0, 0;
    %load/vec4 v0000021f9bfdb540_0;
    %pad/u 6;
    %ix/vec4 4;
    %load/vec4a v0000021f9bfdaa00, 4;
    %assign/vec4 v0000021f9bfd9ce0_0, 0;
    %pushi/vec4 1, 0, 1;
    %assign/vec4 v0000021f9bfd9240_0, 0;
    %pushi/vec4 3, 0, 2;
    %assign/vec4 v0000021f9bfd97e0_0, 0;
T_17.14 ;
    %jmp T_17.7;
T_17.5 ;
    %load/vec4 v0000021f9bfda8c0_0;
    %nor/r;
    %flag_set/vec4 8;
    %jmp/0xz  T_17.16, 8;
    %pushi/vec4 0, 0, 2;
    %assign/vec4 v0000021f9bfd97e0_0, 0;
T_17.16 ;
    %jmp T_17.7;
T_17.7 ;
    %pop/vec4 1;
T_17.1 ;
    %jmp T_17;
    .thread T_17;
    .scope S_0000021f9bfd0760;
T_18 ;
    %wait E_0000021f9bf31560;
    %load/vec4 v0000021f9bfdc580_0;
    %nor/r;
    %flag_set/vec4 8;
    %jmp/0xz  T_18.0, 8;
    %pushi/vec4 0, 0, 24;
    %assign/vec4 v0000021f9bfdbd60_0, 0;
    %pushi/vec4 0, 0, 6;
    %assign/vec4 v0000021f9bfdc940_0, 0;
    %pushi/vec4 0, 0, 1;
    %assign/vec4 v0000021f9bfdc800_0, 0;
    %pushi/vec4 0, 0, 1;
    %assign/vec4 v0000021f9bfdc760_0, 0;
    %pushi/vec4 0, 0, 1;
    %assign/vec4 v0000021f9bfdcda0_0, 0;
    %pushi/vec4 0, 0, 15;
    %assign/vec4 v0000021f9bfdbea0_0, 0;
    %pushi/vec4 0, 0, 8;
    %assign/vec4 v0000021f9bfdca80_0, 0;
    %jmp T_18.1;
T_18.0 ;
    %pushi/vec4 0, 0, 1;
    %assign/vec4 v0000021f9bfdc760_0, 0;
    %load/vec4 v0000021f9bfdc800_0;
    %nor/r;
    %flag_set/vec4 8;
    %jmp/0xz  T_18.2, 8;
    %load/vec4 v0000021f9bfdc4e0_0;
    %flag_set/vec4 8;
    %jmp/0xz  T_18.4, 8;
    %load/vec4 v0000021f9bfdbae0_0;
    %assign/vec4 v0000021f9bfdbd60_0, 0;
    %pushi/vec4 1, 0, 6;
    %assign/vec4 v0000021f9bfdc940_0, 0;
    %pushi/vec4 1, 0, 1;
    %assign/vec4 v0000021f9bfdc800_0, 0;
T_18.4 ;
    %jmp T_18.3;
T_18.2 ;
    %load/vec4 v0000021f9bfdbae0_0;
    %assign/vec4 v0000021f9bfdbd60_0, 0;
    %load/vec4 v0000021f9bfdc940_0;
    %addi 1, 0, 6;
    %assign/vec4 v0000021f9bfdc940_0, 0;
    %load/vec4 v0000021f9bfdc940_0;
    %pad/u 34;
    %addi 1, 0, 34;
    %cmpi/e 24, 0, 34;
    %jmp/0xz  T_18.6, 4;
    %load/vec4 v0000021f9bfdbae0_0;
    %parti/s 1, 8, 5;
    %assign/vec4 v0000021f9bfdcda0_0, 0;
    %load/vec4 v0000021f9bfdbae0_0;
    %parti/s 15, 9, 5;
    %assign/vec4 v0000021f9bfdbea0_0, 0;
    %load/vec4 v0000021f9bfdbae0_0;
    %parti/s 8, 0, 2;
    %assign/vec4 v0000021f9bfdca80_0, 0;
    %pushi/vec4 1, 0, 1;
    %assign/vec4 v0000021f9bfdc760_0, 0;
    %pushi/vec4 0, 0, 1;
    %assign/vec4 v0000021f9bfdc800_0, 0;
T_18.6 ;
T_18.3 ;
T_18.1 ;
    %jmp T_18;
    .thread T_18;
    .scope S_0000021f9bfd02b0;
T_19 ;
    %wait E_0000021f9bf31560;
    %load/vec4 v0000021f9bfdcd00_0;
    %nor/r;
    %flag_set/vec4 8;
    %jmp/0xz  T_19.0, 8;
    %pushi/vec4 0, 0, 24;
    %assign/vec4 v0000021f9bfdbc20_0, 0;
    %pushi/vec4 0, 0, 5;
    %assign/vec4 v0000021f9bfdc300_0, 0;
    %pushi/vec4 0, 0, 1;
    %assign/vec4 v0000021f9bfdb9a0_0, 0;
    %jmp T_19.1;
T_19.0 ;
    %load/vec4 v0000021f9bfdbcc0_0;
    %flag_set/vec4 8;
    %jmp/0xz  T_19.2, 8;
    %load/vec4 v0000021f9bfdcb20_0;
    %parti/s 23, 0, 2;
    %concati/vec4 0, 0, 1;
    %assign/vec4 v0000021f9bfdbc20_0, 0;
    %pushi/vec4 0, 0, 5;
    %assign/vec4 v0000021f9bfdc300_0, 0;
    %pushi/vec4 1, 0, 1;
    %assign/vec4 v0000021f9bfdb9a0_0, 0;
    %jmp T_19.3;
T_19.2 ;
    %load/vec4 v0000021f9bfdb9a0_0;
    %flag_set/vec4 8;
    %jmp/0xz  T_19.4, 8;
    %load/vec4 v0000021f9bfdc300_0;
    %pad/u 34;
    %cmpi/u 22, 0, 34;
    %jmp/0xz  T_19.6, 5;
    %load/vec4 v0000021f9bfdc300_0;
    %addi 1, 0, 5;
    %assign/vec4 v0000021f9bfdc300_0, 0;
    %load/vec4 v0000021f9bfdbc20_0;
    %parti/s 23, 0, 2;
    %concati/vec4 0, 0, 1;
    %assign/vec4 v0000021f9bfdbc20_0, 0;
    %jmp T_19.7;
T_19.6 ;
    %pushi/vec4 0, 0, 1;
    %assign/vec4 v0000021f9bfdb9a0_0, 0;
T_19.7 ;
T_19.4 ;
T_19.3 ;
T_19.1 ;
    %jmp T_19;
    .thread T_19;
    .scope S_0000021f9bfd05d0;
T_20 ;
    %wait E_0000021f9bf31560;
    %load/vec4 v0000021f9bfdd570_0;
    %nor/r;
    %flag_set/vec4 8;
    %jmp/0xz  T_20.0, 8;
    %pushi/vec4 0, 0, 3;
    %assign/vec4 v0000021f9bfded30_0, 0;
    %pushi/vec4 0, 0, 8;
    %assign/vec4 v0000021f9bfdeb50_0, 0;
    %pushi/vec4 0, 0, 1;
    %assign/vec4 v0000021f9bfdd2f0_0, 0;
    %jmp T_20.1;
T_20.0 ;
    %load/vec4 v0000021f9bfdcfd0_0;
    %load/vec4 v0000021f9bfdd2f0_0;
    %nor/r;
    %and;
    %flag_set/vec4 8;
    %jmp/0xz  T_20.2, 8;
    %pushi/vec4 1, 0, 1;
    %assign/vec4 v0000021f9bfdd2f0_0, 0;
    %pushi/vec4 0, 0, 3;
    %assign/vec4 v0000021f9bfded30_0, 0;
    %jmp T_20.3;
T_20.2 ;
    %load/vec4 v0000021f9bfdd2f0_0;
    %flag_set/vec4 8;
    %jmp/0xz  T_20.4, 8;
    %load/vec4 v0000021f9bfded30_0;
    %cmpi/u 7, 0, 3;
    %jmp/0xz  T_20.6, 5;
    %load/vec4 v0000021f9bfdeb50_0;
    %parti/s 7, 0, 2;
    %load/vec4 v0000021f9bfdf2d0_0;
    %concat/vec4; draw_concat_vec4
    %assign/vec4 v0000021f9bfdeb50_0, 0;
    %load/vec4 v0000021f9bfded30_0;
    %addi 1, 0, 3;
    %assign/vec4 v0000021f9bfded30_0, 0;
    %jmp T_20.7;
T_20.6 ;
    %pushi/vec4 0, 0, 1;
    %assign/vec4 v0000021f9bfdd2f0_0, 0;
T_20.7 ;
T_20.4 ;
T_20.3 ;
T_20.1 ;
    %jmp T_20;
    .thread T_20;
    .scope S_0000021f9bfe1ac0;
T_21 ;
    %wait E_0000021f9bf31560;
    %load/vec4 v0000021f9bfdf690_0;
    %nor/r;
    %flag_set/vec4 8;
    %jmp/0xz  T_21.0, 8;
    %pushi/vec4 0, 0, 3;
    %assign/vec4 v0000021f9bfdf5f0_0, 0;
    %pushi/vec4 0, 0, 8;
    %assign/vec4 v0000021f9bfdd1b0_0, 0;
    %pushi/vec4 0, 0, 1;
    %assign/vec4 v0000021f9bfde5b0_0, 0;
    %jmp T_21.1;
T_21.0 ;
    %load/vec4 v0000021f9bfdf370_0;
    %load/vec4 v0000021f9bfde5b0_0;
    %nor/r;
    %and;
    %flag_set/vec4 8;
    %jmp/0xz  T_21.2, 8;
    %load/vec4 v0000021f9bfddd90_0;
    %assign/vec4 v0000021f9bfdd1b0_0, 0;
    %pushi/vec4 0, 0, 3;
    %assign/vec4 v0000021f9bfdf5f0_0, 0;
    %pushi/vec4 1, 0, 1;
    %assign/vec4 v0000021f9bfde5b0_0, 0;
    %jmp T_21.3;
T_21.2 ;
    %load/vec4 v0000021f9bfde5b0_0;
    %flag_set/vec4 8;
    %jmp/0xz  T_21.4, 8;
    %load/vec4 v0000021f9bfdf5f0_0;
    %cmpi/u 7, 0, 3;
    %jmp/0xz  T_21.6, 5;
    %load/vec4 v0000021f9bfdf5f0_0;
    %addi 1, 0, 3;
    %assign/vec4 v0000021f9bfdf5f0_0, 0;
    %load/vec4 v0000021f9bfdd1b0_0;
    %parti/s 7, 0, 2;
    %concati/vec4 0, 0, 1;
    %assign/vec4 v0000021f9bfdd1b0_0, 0;
    %jmp T_21.7;
T_21.6 ;
    %pushi/vec4 0, 0, 1;
    %assign/vec4 v0000021f9bfde5b0_0, 0;
T_21.7 ;
T_21.4 ;
T_21.3 ;
T_21.1 ;
    %jmp T_21;
    .thread T_21;
    .scope S_0000021f9bfd0120;
T_22 ;
    %wait E_0000021f9bf31560;
    %load/vec4 v0000021f9bfdda70_0;
    %nor/r;
    %flag_set/vec4 8;
    %jmp/0xz  T_22.0, 8;
    %pushi/vec4 0, 0, 3;
    %assign/vec4 v0000021f9bfde0b0_0, 0;
    %pushi/vec4 0, 0, 1;
    %assign/vec4 v0000021f9bfde1f0_0, 0;
    %pushi/vec4 0, 0, 1;
    %assign/vec4 v0000021f9bfde470_0, 0;
    %pushi/vec4 0, 0, 1;
    %assign/vec4 v0000021f9bfdf4b0_0, 0;
    %pushi/vec4 0, 0, 1;
    %assign/vec4 v0000021f9bfdd7f0_0, 0;
    %pushi/vec4 0, 0, 8;
    %assign/vec4 v0000021f9bfde010_0, 0;
    %pushi/vec4 0, 0, 15;
    %assign/vec4 v0000021f9bfdd750_0, 0;
    %pushi/vec4 0, 0, 1;
    %assign/vec4 v0000021f9bfdec90_0, 0;
    %pushi/vec4 0, 0, 8;
    %assign/vec4 v0000021f9bfde510_0, 0;
    %pushi/vec4 0, 0, 32;
    %assign/vec4 v0000021f9bfde290_0, 0;
    %pushi/vec4 0, 0, 32;
    %assign/vec4 v0000021f9bfdde30_0, 0;
    %jmp T_22.1;
T_22.0 ;
    %pushi/vec4 0, 0, 1;
    %assign/vec4 v0000021f9bfde470_0, 0;
    %pushi/vec4 0, 0, 1;
    %assign/vec4 v0000021f9bfdd7f0_0, 0;
    %load/vec4 v0000021f9bfdd110_0;
    %assign/vec4 v0000021f9bfdf4b0_0, 0;
    %load/vec4 v0000021f9bfde0b0_0;
    %dup/vec4;
    %pushi/vec4 0, 0, 3;
    %cmp/u;
    %jmp/1 T_22.2, 6;
    %dup/vec4;
    %pushi/vec4 1, 0, 3;
    %cmp/u;
    %jmp/1 T_22.3, 6;
    %dup/vec4;
    %pushi/vec4 2, 0, 3;
    %cmp/u;
    %jmp/1 T_22.4, 6;
    %dup/vec4;
    %pushi/vec4 3, 0, 3;
    %cmp/u;
    %jmp/1 T_22.5, 6;
    %dup/vec4;
    %pushi/vec4 4, 0, 3;
    %cmp/u;
    %jmp/1 T_22.6, 6;
    %dup/vec4;
    %pushi/vec4 5, 0, 3;
    %cmp/u;
    %jmp/1 T_22.7, 6;
    %pushi/vec4 0, 0, 3;
    %assign/vec4 v0000021f9bfde0b0_0, 0;
    %jmp T_22.9;
T_22.2 ;
    %load/vec4 v0000021f9bfddc50_0;
    %flag_set/vec4 8;
    %jmp/0xz  T_22.10, 8;
    %load/vec4 v0000021f9bfdf050_0;
    %assign/vec4 v0000021f9bfdd750_0, 0;
    %load/vec4 v0000021f9bfdd430_0;
    %assign/vec4 v0000021f9bfdec90_0, 0;
    %load/vec4 v0000021f9bfde3d0_0;
    %assign/vec4 v0000021f9bfde510_0, 0;
    %pushi/vec4 1, 0, 1;
    %assign/vec4 v0000021f9bfde1f0_0, 0;
    %pushi/vec4 0, 0, 32;
    %assign/vec4 v0000021f9bfde290_0, 0;
    %pushi/vec4 1, 0, 3;
    %assign/vec4 v0000021f9bfde0b0_0, 0;
T_22.10 ;
    %jmp T_22.9;
T_22.3 ;
    %load/vec4 v0000021f9bfddcf0_0;
    %flag_set/vec4 8;
    %jmp/0xz  T_22.12, 8;
    %pushi/vec4 1, 0, 1;
    %assign/vec4 v0000021f9bfde470_0, 0;
    %pushi/vec4 0, 0, 32;
    %assign/vec4 v0000021f9bfde290_0, 0;
    %pushi/vec4 2, 0, 3;
    %assign/vec4 v0000021f9bfde0b0_0, 0;
T_22.12 ;
    %jmp T_22.9;
T_22.4 ;
    %load/vec4 v0000021f9bfdea10_0;
    %flag_set/vec4 8;
    %jmp/0xz  T_22.14, 8;
    %load/vec4 v0000021f9bfdec90_0;
    %flag_set/vec4 8;
    %jmp/0 T_22.16, 8;
    %pushi/vec4 0, 0, 8;
    %jmp/1 T_22.17, 8;
T_22.16 ; End of true expr.
    %load/vec4 v0000021f9bfdf410_0;
    %jmp/0 T_22.17, 8;
 ; End of false expr.
    %blend;
T_22.17;
    %assign/vec4 v0000021f9bfde010_0, 0;
    %pushi/vec4 0, 0, 1;
    %assign/vec4 v0000021f9bfde1f0_0, 0;
    %pushi/vec4 0, 0, 32;
    %assign/vec4 v0000021f9bfde290_0, 0;
    %pushi/vec4 4, 0, 3;
    %assign/vec4 v0000021f9bfde0b0_0, 0;
    %jmp T_22.15;
T_22.14 ;
    %load/vec4 v0000021f9bfde290_0;
    %cmpi/u 40, 0, 32;
    %flag_inv 5; GE is !LT
    %jmp/0xz  T_22.18, 5;
    %pushi/vec4 0, 0, 1;
    %assign/vec4 v0000021f9bfde1f0_0, 0;
    %pushi/vec4 0, 0, 32;
    %assign/vec4 v0000021f9bfde290_0, 0;
    %pushi/vec4 0, 0, 32;
    %assign/vec4 v0000021f9bfdde30_0, 0;
    %pushi/vec4 3, 0, 3;
    %assign/vec4 v0000021f9bfde0b0_0, 0;
    %jmp T_22.19;
T_22.18 ;
    %load/vec4 v0000021f9bfde290_0;
    %addi 1, 0, 32;
    %assign/vec4 v0000021f9bfde290_0, 0;
T_22.19 ;
T_22.15 ;
    %jmp T_22.9;
T_22.5 ;
    %load/vec4 v0000021f9bfdde30_0;
    %cmpi/u 5, 0, 32;
    %flag_inv 5; GE is !LT
    %jmp/0xz  T_22.20, 5;
    %pushi/vec4 0, 0, 32;
    %assign/vec4 v0000021f9bfdde30_0, 0;
    %pushi/vec4 1, 0, 1;
    %assign/vec4 v0000021f9bfde1f0_0, 0;
    %pushi/vec4 1, 0, 3;
    %assign/vec4 v0000021f9bfde0b0_0, 0;
    %jmp T_22.21;
T_22.20 ;
    %load/vec4 v0000021f9bfdde30_0;
    %addi 1, 0, 32;
    %assign/vec4 v0000021f9bfdde30_0, 0;
T_22.21 ;
    %jmp T_22.9;
T_22.6 ;
    %pushi/vec4 1, 0, 1;
    %assign/vec4 v0000021f9bfdd7f0_0, 0;
    %pushi/vec4 5, 0, 3;
    %assign/vec4 v0000021f9bfde0b0_0, 0;
    %jmp T_22.9;
T_22.7 ;
    %load/vec4 v0000021f9bfddb10_0;
    %nor/r;
    %flag_set/vec4 8;
    %jmp/0xz  T_22.22, 8;
    %pushi/vec4 0, 0, 3;
    %assign/vec4 v0000021f9bfde0b0_0, 0;
T_22.22 ;
    %jmp T_22.9;
T_22.9 ;
    %pop/vec4 1;
T_22.1 ;
    %jmp T_22;
    .thread T_22;
    .scope S_0000021f9bf634e0;
T_23 ;
    %pushi/vec4 0, 0, 1;
    %store/vec4 v0000021f9bfe3e50_0, 0, 1;
    %end;
    .thread T_23;
    .scope S_0000021f9bf634e0;
T_24 ;
    %delay 5000, 0;
    %load/vec4 v0000021f9bfe3e50_0;
    %inv;
    %store/vec4 v0000021f9bfe3e50_0, 0, 1;
    %jmp T_24;
    .thread T_24;
    .scope S_0000021f9bf634e0;
T_25 ;
    %pushi/vec4 0, 0, 1;
    %store/vec4 v0000021f9bfe5110_0, 0, 1;
    %pushi/vec4 5, 0, 32;
T_25.0 %dup/vec4;
    %pushi/vec4 0, 0, 32;
    %cmp/s;
    %jmp/1xz T_25.1, 5;
    %jmp/1 T_25.1, 4;
    %pushi/vec4 1, 0, 32;
    %sub;
    %wait E_0000021f9bf31420;
    %jmp T_25.0;
T_25.1 ;
    %pop/vec4 1;
    %wait E_0000021f9bf30f60;
    %pushi/vec4 1, 0, 1;
    %store/vec4 v0000021f9bfe5110_0, 0, 1;
    %end;
    .thread T_25;
    .scope S_0000021f9bf634e0;
T_26 ;
    %pushi/vec4 0, 0, 32;
    %store/vec4 v0000021f9bfe42b0_0, 0, 32;
T_26.0 ;
    %load/vec4 v0000021f9bfe5110_0;
    %pushi/vec4 1, 0, 1;
    %cmp/e;
    %flag_get/vec4 4;
    %cmpi/ne 1, 0, 1;
    %jmp/0xz T_26.1, 6;
    %wait E_0000021f9bf318e0;
    %jmp T_26.0;
T_26.1 ;
    %delay 200000000, 0;
    %vpi_call/w 3 82 "$display", "---- Master 0 ----" {0 0 0};
    %pushi/vec4 3296764365, 0, 34;
    %concati/vec4 2978339220, 0, 32;
    %concati/vec4 3296772576, 0, 32;
    %concati/vec4 808464681, 0, 30;
    %store/vec4 v0000021f9bf236f0_0, 0, 128;
    %ix/load 4, 1, 0;
    %flag_set/imm 4, 0;
    %load/vec4a v0000021f9bfb6140, 4;
    %store/vec4 v0000021f9bf23010_0, 0, 8;
    %pushi/vec4 17, 0, 8;
    %store/vec4 v0000021f9bf247d0_0, 0, 8;
    %fork TD_tb_serial_system_bus.check_byte, S_0000021f9bf63670;
    %join;
    %pushi/vec4 3430982093, 0, 34;
    %concati/vec4 2978339220, 0, 32;
    %concati/vec4 3296772576, 0, 32;
    %concati/vec4 808465705, 0, 30;
    %store/vec4 v0000021f9bf236f0_0, 0, 128;
    %ix/load 4, 3, 0;
    %flag_set/imm 4, 0;
    %load/vec4a v0000021f9bfb6140, 4;
    %store/vec4 v0000021f9bf23010_0, 0, 8;
    %pushi/vec4 34, 0, 8;
    %store/vec4 v0000021f9bf247d0_0, 0, 8;
    %fork TD_tb_serial_system_bus.check_byte, S_0000021f9bf63670;
    %join;
    %pushi/vec4 3699417549, 0, 34;
    %concati/vec4 2978339220, 0, 32;
    %concati/vec4 3363881440, 0, 32;
    %concati/vec4 808466473, 0, 30;
    %store/vec4 v0000021f9bf236f0_0, 0, 128;
    %ix/load 4, 7, 0;
    %flag_set/imm 4, 0;
    %load/vec4a v0000021f9bfb6140, 4;
    %store/vec4 v0000021f9bf23010_0, 0, 8;
    %pushi/vec4 68, 0, 8;
    %store/vec4 v0000021f9bf247d0_0, 0, 8;
    %fork TD_tb_serial_system_bus.check_byte, S_0000021f9bf63670;
    %join;
    %vpi_call/w 3 96 "$display", "---- Master 1 ----" {0 0 0};
    %pushi/vec4 3296764365, 0, 34;
    %concati/vec4 2978339220, 0, 32;
    %concati/vec4 3296772576, 0, 32;
    %concati/vec4 808464681, 0, 30;
    %store/vec4 v0000021f9bf236f0_0, 0, 128;
    %ix/load 4, 1, 0;
    %flag_set/imm 4, 0;
    %load/vec4a v0000021f9bfb8290, 4;
    %store/vec4 v0000021f9bf23010_0, 0, 8;
    %pushi/vec4 17, 0, 8;
    %store/vec4 v0000021f9bf247d0_0, 0, 8;
    %fork TD_tb_serial_system_bus.check_byte, S_0000021f9bf63670;
    %join;
    %pushi/vec4 3430982093, 0, 34;
    %concati/vec4 2978339220, 0, 32;
    %concati/vec4 3296772576, 0, 32;
    %concati/vec4 808465705, 0, 30;
    %store/vec4 v0000021f9bf236f0_0, 0, 128;
    %ix/load 4, 3, 0;
    %flag_set/imm 4, 0;
    %load/vec4a v0000021f9bfb8290, 4;
    %store/vec4 v0000021f9bf23010_0, 0, 8;
    %pushi/vec4 34, 0, 8;
    %store/vec4 v0000021f9bf247d0_0, 0, 8;
    %fork TD_tb_serial_system_bus.check_byte, S_0000021f9bf63670;
    %join;
    %pushi/vec4 3699417549, 0, 34;
    %concati/vec4 2978339220, 0, 32;
    %concati/vec4 3363881440, 0, 32;
    %concati/vec4 808466473, 0, 30;
    %store/vec4 v0000021f9bf236f0_0, 0, 128;
    %ix/load 4, 7, 0;
    %flag_set/imm 4, 0;
    %load/vec4a v0000021f9bfb8290, 4;
    %store/vec4 v0000021f9bf23010_0, 0, 8;
    %pushi/vec4 68, 0, 8;
    %store/vec4 v0000021f9bf247d0_0, 0, 8;
    %fork TD_tb_serial_system_bus.check_byte, S_0000021f9bf63670;
    %join;
    %load/vec4 v0000021f9bfe42b0_0;
    %cmpi/e 0, 0, 32;
    %jmp/0xz  T_26.2, 4;
    %vpi_call/w 3 102 "$display", "\012==== ALL CHECKS PASSED ====" {0 0 0};
    %jmp T_26.3;
T_26.2 ;
    %vpi_call/w 3 104 "$display", "\012==== %0d CHECK(S) FAILED ====", v0000021f9bfe42b0_0 {0 0 0};
T_26.3 ;
    %vpi_call/w 3 106 "$finish" {0 0 0};
    %end;
    .thread T_26;
    .scope S_0000021f9bf634e0;
T_27 ;
    %delay 500000000, 0;
    %vpi_call/w 3 113 "$display", "TIMEOUT: simulation did not finish in time" {0 0 0};
    %vpi_call/w 3 114 "$finish" {0 0 0};
    %end;
    .thread T_27;
# The file index is used to find the file name in the following table.
:file_names 20;
    "N/A";
    "<interactive>";
    "-";
    "tb_serial_system_bus.v";
    "serial_bus_top.v";
    "m1_select_mux.v";
    "master.v";
    "addr_serializer.v";
    "deserializer.v";
    "serial_system_bus.v";
    "addr_redirect.v";
    "addr_decoder.v";
    "arbiter.v";
    "master_request_mux.v";
    "slave_response_mux.v";
    "slave.v";
    "addr_data_deserializer.v";
    "Serializer.v";
    "slave_split.v";
    "slave_bridge.v";
