#! /c/Source/iverilog-install/bin/vvp
:ivl_version "12.0 (devel)" "(s20150603-1110-g18392a46)";
:ivl_delay_selection "TYPICAL";
:vpi_time_precision - 12;
:vpi_module "C:\iverilog\lib\ivl\system.vpi";
:vpi_module "C:\iverilog\lib\ivl\vhdl_sys.vpi";
:vpi_module "C:\iverilog\lib\ivl\vhdl_textio.vpi";
:vpi_module "C:\iverilog\lib\ivl\v2005_math.vpi";
:vpi_module "C:\iverilog\lib\ivl\va_math.vpi";
:vpi_module "C:\iverilog\lib\ivl\v2009.vpi";
S_000001da1f98aa50 .scope package, "$unit" "$unit" 2 1;
 .timescale 0 0;
S_000001da1f98abe0 .scope module, "tb_single" "tb_single" 3 2;
 .timescale -9 -12;
v000001da1fb52b50_0 .var "clk", 0 0;
v000001da1fb52f10_0 .var/i "errors", 31 0;
v000001da1fb52e70_0 .var "rst", 0 0;
E_000001da1fa92790 .event anyedge, v000001da1fac9bf0_0;
E_000001da1fa92890 .event negedge, v000001da1fac8c50_0;
E_000001da1fa929d0 .event posedge, v000001da1fac8c50_0;
S_000001da1f98ad70 .scope task, "check_byte" "check_byte" 3 22, 3 22 0, S_000001da1f98abe0;
 .timescale -9 -12;
v000001da1fac9d30_0 .var "expected", 7 0;
v000001da1fac9dd0_0 .var "got", 7 0;
v000001da1fac8610_0 .var "name", 127 0;
TD_tb_single.check_byte ;
    %load/vec4 v000001da1fac9dd0_0;
    %load/vec4 v000001da1fac9d30_0;
    %cmp/ne;
    %jmp/0xz  T_0.0, 6;
    %vpi_call/w 3 25 "$display", "FAIL: %0s got=%h expected=%h", v000001da1fac8610_0, v000001da1fac9dd0_0, v000001da1fac9d30_0 {0 0 0};
    %load/vec4 v000001da1fb52f10_0;
    %addi 1, 0, 32;
    %store/vec4 v000001da1fb52f10_0, 0, 32;
    %jmp T_0.1;
T_0.0 ;
    %vpi_call/w 3 28 "$display", "PASS: %0s == %h", v000001da1fac8610_0, v000001da1fac9dd0_0 {0 0 0};
T_0.1 ;
    %end;
S_000001da1f9eca40 .scope module, "dut" "serial_bus_top" 3 6, 4 17 0, S_000001da1f98abe0;
 .timescale -9 -12;
    .port_info 0 /INPUT 1 "clk";
    .port_info 1 /INPUT 1 "rst";
P_000001da1faca490 .param/l "ADDR_W" 0 4 18, +C4<00000000000000000000000000001111>;
P_000001da1faca4c8 .param/l "DATA_W" 0 4 19, +C4<00000000000000000000000000001000>;
P_000001da1faca500 .param/l "NUM_SLAVES" 0 4 21, +C4<00000000000000000000000000000011>;
P_000001da1faca538 .param/l "RW" 0 4 20, +C4<00000000000000000000000000000001>;
L_000001da1faaabe0 .functor BUFZ 1, v000001da1fb42500_0, C4<0>, C4<0>, C4<0>;
L_000001da1faab890 .functor OR 1, L_000001da1fb9d4f0, L_000001da1fb9c550, C4<0>, C4<0>;
L_000001da1faa9e50 .functor OR 1, L_000001da1faab2e0, L_000001da1faabba0, C4<0>, C4<0>;
L_000001da1faaa2b0 .functor AND 1, v000001da1fb1dcf0_0, L_000001da1fb9ceb0, C4<1>, C4<1>;
v000001da1fb50cb0_0 .net *"_ivl_7", 0 0, L_000001da1fb9ceb0;  1 drivers
v000001da1fb50c10_0 .net "addr_data_A", 0 0, L_000001da1fb525b0;  1 drivers
v000001da1fb4fc70_0 .net "addr_data_B", 0 0, L_000001da1fb9c190;  1 drivers
v000001da1fb51750_0 .net "addr_data_M0", 0 0, L_000001da1fb523d0;  1 drivers
v000001da1fb50670_0 .net "addr_data_M1", 0 0, L_000001da1fb52470;  1 drivers
v000001da1fb502b0_0 .net "addr_data_bus", 0 0, L_000001da1fb9ca50;  1 drivers
v000001da1fb51390_0 .net "addr_invalid", 0 0, v000001da1fb1f230_0;  1 drivers
v000001da1fb51610_0 .net "bridge_rdata_ser", 0 0, L_000001da1fb9c550;  1 drivers
v000001da1fb4f590_0 .net "bridge_rvalid", 0 0, L_000001da1faabba0;  1 drivers
v000001da1fb51890_0 .net "clk", 0 0, v000001da1fb52b50_0;  1 drivers
v000001da1fb4fbd0_0 .net "ext_redirect", 0 0, v000001da1fb1d750_0;  1 drivers
v000001da1fb517f0_0 .net "frame_valid_A", 0 0, L_000001da1faab5f0;  1 drivers
v000001da1fb50a30_0 .net "frame_valid_B", 0 0, L_000001da1faabb30;  1 drivers
v000001da1fb4fd10_0 .net "frame_valid_M0", 0 0, L_000001da1faaa860;  1 drivers
v000001da1fb4fdb0_0 .net "frame_valid_M1", 0 0, L_000001da1fb52650;  1 drivers
v000001da1fb50030_0 .net "grantA", 0 0, L_000001da1fb9b8d0;  1 drivers
v000001da1fb51b10_0 .net "grantB", 0 0, L_000001da1fb9d8b0;  1 drivers
v000001da1fb516b0_0 .net "grant_M0", 0 0, v000001da1fb21100_0;  1 drivers
v000001da1fb4fe50_0 .net "grant_M1", 0 0, v000001da1fb1f6c0_0;  1 drivers
v000001da1fb50710_0 .net "m1_sel", 0 0, L_000001da1faaabe0;  1 drivers
L_000001da1fb53610 .functor BUFT 1, C4<1>, C4<0>, C4<0>, C4<0>;
v000001da1fb50d50_0 .net "mreadyA", 0 0, L_000001da1fb53610;  1 drivers
L_000001da1fb53a00 .functor BUFT 1, C4<1>, C4<0>, C4<0>, C4<0>;
v000001da1fb50490_0 .net "mreadyB", 0 0, L_000001da1fb53a00;  1 drivers
L_000001da1fb534a8 .functor BUFT 1, C4<1>, C4<0>, C4<0>, C4<0>;
v000001da1fb4fef0_0 .net "mready_M0", 0 0, L_000001da1fb534a8;  1 drivers
v000001da1fb4ff90_0 .net "mready_M1", 0 0, L_000001da1fb9dc70;  1 drivers
v000001da1fb511b0_0 .net "mready_bus", 0 0, L_000001da1fb9d630;  1 drivers
v000001da1fb50530_0 .net "rdata_A_ser", 0 0, L_000001da1faaa6a0;  1 drivers
v000001da1fb51930_0 .net "rdata_B_ser", 0 0, L_000001da1faab740;  1 drivers
v000001da1fb508f0_0 .net "rdata_M0_ser", 0 0, L_000001da1faaac50;  1 drivers
v000001da1fb50e90_0 .net "rdata_M1_ser", 0 0, L_000001da1faaa080;  1 drivers
v000001da1fb505d0_0 .net "rdata_S0_ser", 0 0, L_000001da1fb9b970;  1 drivers
v000001da1fb507b0_0 .net "rdata_S1_ser", 0 0, L_000001da1fb9ba10;  1 drivers
v000001da1fb4f630_0 .net "rdata_S2_ser", 0 0, L_000001da1faab890;  1 drivers
v000001da1fb500d0_0 .net "reqA", 0 0, v000001da1fb1ed30_0;  1 drivers
v000001da1fb51bb0_0 .net "reqB", 0 0, v000001da1fb42500_0;  1 drivers
v000001da1fb4f950_0 .net "req_M0", 0 0, v000001da1fa7d040_0;  1 drivers
v000001da1fb50170_0 .net "req_M1", 0 0, L_000001da1fb51e30;  1 drivers
v000001da1fb50210_0 .net "resume", 0 0, v000001da1fb50990_0;  1 drivers
v000001da1fb50ad0_0 .net "rst", 0 0, v000001da1fb52e70_0;  1 drivers
v000001da1fb4f6d0_0 .net "rvalidA", 0 0, L_000001da1fb9bc90;  1 drivers
v000001da1fb4f8b0_0 .net "rvalidB", 0 0, L_000001da1fb9d1d0;  1 drivers
v000001da1fb4f770_0 .net "rvalid_M0", 0 0, L_000001da1faaa160;  1 drivers
v000001da1fb50b70_0 .net "rvalid_M1", 0 0, L_000001da1faab430;  1 drivers
v000001da1fb50df0_0 .net "rvalid_S0", 0 0, L_000001da1faab7b0;  1 drivers
v000001da1fb512f0_0 .net "rvalid_S1", 0 0, L_000001da1faab190;  1 drivers
v000001da1fb4f9f0_0 .net "rvalid_S2", 0 0, L_000001da1faa9e50;  1 drivers
v000001da1fb4fb30_0 .net "slave_sel1", 0 0, v000001da1fb1d430_0;  1 drivers
v000001da1fb50f30_0 .net "slave_sel2", 0 0, v000001da1fb1df70_0;  1 drivers
v000001da1fb50fd0_0 .net "slave_sel3", 0 0, v000001da1fb1dcf0_0;  1 drivers
v000001da1fb51070_0 .net "split", 0 0, v000001da1fb519d0_0;  1 drivers
v000001da1fb51110_0 .net "split_rdata_ser", 0 0, L_000001da1fb9d4f0;  1 drivers
v000001da1fb51430_0 .net "split_rvalid", 0 0, L_000001da1faab2e0;  1 drivers
v000001da1fb52150_0 .net "valid_bus", 0 0, L_000001da1fb9c2d0;  1 drivers
L_000001da1fb9ceb0 .reduce/nor v000001da1fb1d750_0;
S_000001da1f9ecbd0 .scope module, "u_m1_select_mux" "m1_select_mux" 4 77, 5 16 0, S_000001da1f9eca40;
 .timescale -9 -12;
    .port_info 0 /INPUT 1 "sel";
    .port_info 1 /INPUT 1 "reqA";
    .port_info 2 /OUTPUT 1 "grantA";
    .port_info 3 /INPUT 1 "addr_data_A";
    .port_info 4 /INPUT 1 "frame_valid_A";
    .port_info 5 /OUTPUT 1 "rdata_A_ser";
    .port_info 6 /INPUT 1 "mreadyA";
    .port_info 7 /OUTPUT 1 "rvalidA";
    .port_info 8 /INPUT 1 "reqB";
    .port_info 9 /OUTPUT 1 "grantB";
    .port_info 10 /INPUT 1 "addr_data_B";
    .port_info 11 /INPUT 1 "frame_valid_B";
    .port_info 12 /OUTPUT 1 "rdata_B_ser";
    .port_info 13 /INPUT 1 "mreadyB";
    .port_info 14 /OUTPUT 1 "rvalidB";
    .port_info 15 /OUTPUT 1 "req_m1";
    .port_info 16 /INPUT 1 "grant_m1";
    .port_info 17 /OUTPUT 1 "addr_data_m1";
    .port_info 18 /OUTPUT 1 "frame_valid_m1";
    .port_info 19 /INPUT 1 "rdata_m1_ser";
    .port_info 20 /OUTPUT 1 "mready_m1";
    .port_info 21 /INPUT 1 "rvalid_m1";
L_000001da1faaa6a0 .functor BUFZ 1, L_000001da1faaa080, C4<0>, C4<0>, C4<0>;
L_000001da1faab740 .functor BUFZ 1, L_000001da1faaa080, C4<0>, C4<0>, C4<0>;
L_000001da1fb53778 .functor BUFT 1, C4<0>, C4<0>, C4<0>, C4<0>;
v000001da1fac8d90_0 .net/2u *"_ivl_10", 0 0, L_000001da1fb53778;  1 drivers
L_000001da1fb537c0 .functor BUFT 1, C4<0>, C4<0>, C4<0>, C4<0>;
v000001da1fac9b50_0 .net/2u *"_ivl_14", 0 0, L_000001da1fb537c0;  1 drivers
v000001da1fac86b0_0 .net *"_ivl_23", 0 0, L_000001da1fb9ce10;  1 drivers
L_000001da1fb53808 .functor BUFT 1, C4<0>, C4<0>, C4<0>, C4<0>;
v000001da1fac8b10_0 .net/2u *"_ivl_24", 0 0, L_000001da1fb53808;  1 drivers
L_000001da1fb53850 .functor BUFT 1, C4<0>, C4<0>, C4<0>, C4<0>;
v000001da1fac9830_0 .net/2u *"_ivl_28", 0 0, L_000001da1fb53850;  1 drivers
v000001da1fac8890_0 .net *"_ivl_9", 0 0, L_000001da1fb9b650;  1 drivers
v000001da1fac9a10_0 .net "addr_data_A", 0 0, L_000001da1fb525b0;  alias, 1 drivers
v000001da1fac93d0_0 .net "addr_data_B", 0 0, L_000001da1fb9c190;  alias, 1 drivers
v000001da1fac8a70_0 .net "addr_data_m1", 0 0, L_000001da1fb52470;  alias, 1 drivers
v000001da1fac9e70_0 .net "frame_valid_A", 0 0, L_000001da1faab5f0;  alias, 1 drivers
v000001da1fac8250_0 .net "frame_valid_B", 0 0, L_000001da1faabb30;  alias, 1 drivers
v000001da1fac8e30_0 .net "frame_valid_m1", 0 0, L_000001da1fb52650;  alias, 1 drivers
v000001da1fac8cf0_0 .net "grantA", 0 0, L_000001da1fb9b8d0;  alias, 1 drivers
v000001da1fac96f0_0 .net "grantB", 0 0, L_000001da1fb9d8b0;  alias, 1 drivers
v000001da1fac82f0_0 .net "grant_m1", 0 0, v000001da1fb1f6c0_0;  alias, 1 drivers
v000001da1fac8930_0 .net "mreadyA", 0 0, L_000001da1fb53610;  alias, 1 drivers
v000001da1fac91f0_0 .net "mreadyB", 0 0, L_000001da1fb53a00;  alias, 1 drivers
v000001da1fac9290_0 .net "mready_m1", 0 0, L_000001da1fb9dc70;  alias, 1 drivers
v000001da1fac8070_0 .net "rdata_A_ser", 0 0, L_000001da1faaa6a0;  alias, 1 drivers
v000001da1fac81b0_0 .net "rdata_B_ser", 0 0, L_000001da1faab740;  alias, 1 drivers
v000001da1fac7fd0_0 .net "rdata_m1_ser", 0 0, L_000001da1faaa080;  alias, 1 drivers
v000001da1fac8ed0_0 .net "reqA", 0 0, v000001da1fb1ed30_0;  alias, 1 drivers
v000001da1fac8f70_0 .net "reqB", 0 0, v000001da1fb42500_0;  alias, 1 drivers
v000001da1fac89d0_0 .net "req_m1", 0 0, L_000001da1fb51e30;  alias, 1 drivers
v000001da1fac8390_0 .net "rvalidA", 0 0, L_000001da1fb9bc90;  alias, 1 drivers
v000001da1fac90b0_0 .net "rvalidB", 0 0, L_000001da1fb9d1d0;  alias, 1 drivers
v000001da1fac9330_0 .net "rvalid_m1", 0 0, L_000001da1faab430;  alias, 1 drivers
v000001da1fac8430_0 .net "sel", 0 0, L_000001da1faaabe0;  alias, 1 drivers
L_000001da1fb51e30 .functor MUXZ 1, v000001da1fb1ed30_0, v000001da1fb42500_0, L_000001da1faaabe0, C4<>;
L_000001da1fb52470 .functor MUXZ 1, L_000001da1fb525b0, L_000001da1fb9c190, L_000001da1faaabe0, C4<>;
L_000001da1fb52650 .functor MUXZ 1, L_000001da1faab5f0, L_000001da1faabb30, L_000001da1faaabe0, C4<>;
L_000001da1fb9dc70 .functor MUXZ 1, L_000001da1fb53610, L_000001da1fb53a00, L_000001da1faaabe0, C4<>;
L_000001da1fb9b650 .reduce/nor L_000001da1faaabe0;
L_000001da1fb9b8d0 .functor MUXZ 1, L_000001da1fb53778, v000001da1fb1f6c0_0, L_000001da1fb9b650, C4<>;
L_000001da1fb9d8b0 .functor MUXZ 1, L_000001da1fb537c0, v000001da1fb1f6c0_0, L_000001da1faaabe0, C4<>;
L_000001da1fb9ce10 .reduce/nor L_000001da1faaabe0;
L_000001da1fb9bc90 .functor MUXZ 1, L_000001da1fb53808, L_000001da1faab430, L_000001da1fb9ce10, C4<>;
L_000001da1fb9d1d0 .functor MUXZ 1, L_000001da1fb53850, L_000001da1faab430, L_000001da1faaabe0, C4<>;
S_000001da1f99be60 .scope module, "u_master0" "master" 4 37, 6 1 0, S_000001da1f9eca40;
 .timescale -9 -12;
    .port_info 0 /INPUT 1 "clk";
    .port_info 1 /INPUT 1 "rst";
    .port_info 2 /OUTPUT 1 "req_o";
    .port_info 3 /INPUT 1 "grant_i";
    .port_info 4 /OUTPUT 1 "addr_data_o";
    .port_info 5 /OUTPUT 1 "frame_valid_o";
    .port_info 6 /OUTPUT 1 "mready_o";
    .port_info 7 /INPUT 1 "rdata_ser_i";
    .port_info 8 /INPUT 1 "rvalid_i";
P_000001da1fa10d50 .param/l "ACTIVE" 1 6 45, C4<011>;
P_000001da1fa10d88 .param/l "ACTIVE_TIMEOUT" 0 6 13, +C4<00000000000000000000000000101000>;
P_000001da1fa10dc0 .param/l "ADDR_W" 0 6 2, +C4<00000000000000000000000000001111>;
P_000001da1fa10df8 .param/l "BACKOFF" 1 6 46, C4<100>;
P_000001da1fa10e30 .param/l "BACKOFF_DELAY" 0 6 14, +C4<00000000000000000000000000000101>;
P_000001da1fa10e68 .param/l "DATA_W" 0 6 3, +C4<00000000000000000000000000001000>;
P_000001da1fa10ea0 .param/l "IDLE" 1 6 43, C4<001>;
P_000001da1fa10ed8 .param/l "NUM_TXN" 0 6 5, +C4<00000000000000000000000000001000>;
P_000001da1fa10f10 .param/l "REQUEST" 1 6 44, C4<010>;
P_000001da1fa10f48 .param/l "REQ_DELAY" 0 6 7, +C4<00000000000000000000000000000000>;
P_000001da1fa10f80 .param/l "RW" 0 6 4, +C4<00000000000000000000000000000001>;
P_000001da1fa10fb8 .param/l "START_TXN" 0 6 6, +C4<00000000000000000000000000000000>;
P_000001da1fa10ff0 .param/l "WAIT" 1 6 42, C4<000>;
P_000001da1fa11028 .param/l "WRITE_DELAY" 0 6 24, +C4<00000000000000000000000000011010>;
L_000001da1faaa4e0 .functor AND 1, L_000001da1faaa550, L_000001da1fb520b0, C4<1>, C4<1>;
v000001da1faa5550_0 .net *"_ivl_10", 4 0, L_000001da1fb52dd0;  1 drivers
L_000001da1fb53538 .functor BUFT 1, C4<00>, C4<0>, C4<0>, C4<0>;
v000001da1faa55f0_0 .net *"_ivl_13", 1 0, L_000001da1fb53538;  1 drivers
v000001da1faa5690_0 .net *"_ivl_18", 4 0, L_000001da1fb53050;  1 drivers
v000001da1f9f1230_0 .net *"_ivl_2", 14 0, L_000001da1fb53190;  1 drivers
L_000001da1fb53580 .functor BUFT 1, C4<00>, C4<0>, C4<0>, C4<0>;
v000001da1f9efc50_0 .net *"_ivl_21", 1 0, L_000001da1fb53580;  1 drivers
v000001da1f9efe30_0 .net *"_ivl_23", 0 0, L_000001da1fb520b0;  1 drivers
v000001da1f9f1730_0 .net *"_ivl_4", 4 0, L_000001da1fb53370;  1 drivers
L_000001da1fb534f0 .functor BUFT 1, C4<00>, C4<0>, C4<0>, C4<0>;
v000001da1f9f12d0_0 .net *"_ivl_7", 1 0, L_000001da1fb534f0;  1 drivers
v000001da1f9efd90_0 .net *"_ivl_8", 0 0, L_000001da1fb52970;  1 drivers
v000001da1f9eff70_0 .net "addr_data_o", 0 0, L_000001da1fb523d0;  alias, 1 drivers
v000001da1f9f08d0 .array "addr_mem", 7 0, 14 0;
v000001da1f9f0970_0 .net "clk", 0 0, v000001da1fb52b50_0;  alias, 1 drivers
v000001da1f9f0dd0_0 .var "delay_cnt", 31 0;
v000001da1fa7dea0_0 .net "frame_valid_o", 0 0, L_000001da1faaa860;  alias, 1 drivers
v000001da1fa7d860_0 .net "grant_i", 0 0, v000001da1fb21100_0;  alias, 1 drivers
v000001da1fa7c6e0_0 .var/i "i", 31 0;
v000001da1fa7df40_0 .net "mready_o", 0 0, L_000001da1fb534a8;  alias, 1 drivers
v000001da1fa7c820 .array "rdata_mem", 7 0, 7 0;
v000001da1fa7caa0_0 .net "rdata_par", 7 0, L_000001da1faab6d0;  1 drivers
v000001da1fa7cfa0_0 .net "rdata_ser_i", 0 0, L_000001da1faaac50;  alias, 1 drivers
v000001da1fa7d040_0 .var "req_o", 0 0;
v000001da1fa7d2c0_0 .net "rst", 0 0, v000001da1fb52e70_0;  alias, 1 drivers
v000001da1fa7d4a0_0 .net "rvalid_i", 0 0, L_000001da1faaa160;  alias, 1 drivers
v000001da1fb1b560_0 .net "rvalid_par", 0 0, L_000001da1faaa550;  1 drivers
v000001da1fb1c0a0_0 .var "rvalid_par_d", 0 0;
v000001da1fb1b600_0 .net "rvalid_par_pulse", 0 0, L_000001da1faaa4e0;  1 drivers
v000001da1fb1c460_0 .var "state", 2 0;
v000001da1fb1bc40_0 .var "timeout_cnt", 31 0;
v000001da1fb1cf00_0 .var "tx_ptr", 2 0;
v000001da1fb1b920_0 .var "tx_start", 0 0;
v000001da1fb1cfa0 .array "wdata_mem", 7 0, 7 0;
v000001da1fb1d2c0 .array "we_mem", 7 0, 0 0;
L_000001da1fb53190 .array/port v000001da1f9f08d0, L_000001da1fb53370;
L_000001da1fb53370 .concat [ 3 2 0 0], v000001da1fb1cf00_0, L_000001da1fb534f0;
L_000001da1fb52970 .array/port v000001da1fb1d2c0, L_000001da1fb52dd0;
L_000001da1fb52dd0 .concat [ 3 2 0 0], v000001da1fb1cf00_0, L_000001da1fb53538;
L_000001da1fb521f0 .concat [ 1 15 0 0], L_000001da1fb52970, L_000001da1fb53190;
L_000001da1fb52fb0 .array/port v000001da1fb1cfa0, L_000001da1fb53050;
L_000001da1fb53050 .concat [ 3 2 0 0], v000001da1fb1cf00_0, L_000001da1fb53580;
L_000001da1fb520b0 .reduce/nor v000001da1fb1c0a0_0;
S_000001da1f99bff0 .scope module, "u_addr_serializer" "addr_serializer" 6 77, 7 13 0, S_000001da1f99be60;
 .timescale -9 -12;
    .port_info 0 /INPUT 1 "clk";
    .port_info 1 /INPUT 1 "rst_n";
    .port_info 2 /INPUT 16 "addr_i";
    .port_info 3 /INPUT 8 "wdata_i";
    .port_info 4 /INPUT 1 "valid_i";
    .port_info 5 /OUTPUT 1 "serial_out";
    .port_info 6 /OUTPUT 1 "frame_valid_out";
P_000001da1fa8d3d0 .param/l "ADDR_W" 0 7 14, +C4<00000000000000000000000000001111>;
P_000001da1fa8d408 .param/l "CNT_W" 1 7 30, +C4<00000000000000000000000000000101>;
P_000001da1fa8d440 .param/l "DATA_W" 0 7 16, +C4<00000000000000000000000000001000>;
P_000001da1fa8d478 .param/l "FRAME_W" 0 7 17, +C4<0000000000000000000000000000011000>;
P_000001da1fa8d4b0 .param/l "RW" 0 7 15, +C4<00000000000000000000000000000001>;
L_000001da1faab510 .functor AND 1, v000001da1fb1b920_0, L_000001da1fb52330, C4<1>, C4<1>;
L_000001da1faaa860 .functor BUFZ 1, L_000001da1faab510, C4<0>, C4<0>, C4<0>;
v000001da1fac95b0_0 .net *"_ivl_11", 0 0, L_000001da1fb52790;  1 drivers
v000001da1fac9790_0 .net *"_ivl_9", 0 0, L_000001da1fb528d0;  1 drivers
v000001da1fac9650_0 .net "addr_i", 15 0, L_000001da1fb521f0;  1 drivers
v000001da1fac8bb0_0 .var "bit_counter", 4 0;
v000001da1fac8c50_0 .net "clk", 0 0, v000001da1fb52b50_0;  alias, 1 drivers
v000001da1fac98d0_0 .net "frame_in", 23 0, L_000001da1fb526f0;  1 drivers
v000001da1fac84d0_0 .net "frame_valid_out", 0 0, L_000001da1faaa860;  alias, 1 drivers
v000001da1fac9ab0_0 .net "idle", 0 0, L_000001da1fb52330;  1 drivers
v000001da1fac9bf0_0 .net "rst_n", 0 0, v000001da1fb52e70_0;  alias, 1 drivers
v000001da1fac8570_0 .net "serial_out", 0 0, L_000001da1fb523d0;  alias, 1 drivers
v000001da1faa40b0_0 .var "shift_reg", 23 0;
v000001da1faa4150_0 .net "start", 0 0, L_000001da1faab510;  1 drivers
v000001da1faa4dd0_0 .var "transmitting", 0 0;
v000001da1faa4650_0 .net "valid_i", 0 0, v000001da1fb1b920_0;  1 drivers
v000001da1faa54b0_0 .net "wdata_i", 7 0, L_000001da1fb52fb0;  1 drivers
E_000001da1fa92c10/0 .event negedge, v000001da1fac9bf0_0;
E_000001da1fa92c10/1 .event posedge, v000001da1fac8c50_0;
E_000001da1fa92c10 .event/or E_000001da1fa92c10/0, E_000001da1fa92c10/1;
L_000001da1fb526f0 .concat [ 8 16 0 0], L_000001da1fb52fb0, L_000001da1fb521f0;
L_000001da1fb52330 .reduce/nor v000001da1faa4dd0_0;
L_000001da1fb528d0 .part L_000001da1fb526f0, 23, 1;
L_000001da1fb52790 .part v000001da1faa40b0_0, 23, 1;
L_000001da1fb523d0 .functor MUXZ 1, L_000001da1fb52790, L_000001da1fb528d0, L_000001da1faab510, C4<>;
S_000001da1f9815f0 .scope module, "u_deserializer" "deserializer" 6 98, 8 1 0, S_000001da1f99be60;
 .timescale -9 -12;
    .port_info 0 /INPUT 1 "clk_in";
    .port_info 1 /INPUT 1 "rst_n";
    .port_info 2 /INPUT 1 "serial_in";
    .port_info 3 /INPUT 1 "data_valid_in";
    .port_info 4 /OUTPUT 8 "data_out";
    .port_info 5 /OUTPUT 1 "data_valid";
L_000001da1faaa550 .functor AND 1, L_000001da1fb530f0, L_000001da1fb52830, C4<1>, C4<1>;
L_000001da1faab6d0 .functor BUFZ 8, v000001da1faa52d0_0, C4<00000000>, C4<00000000>, C4<00000000>;
v000001da1faa4e70_0 .net *"_ivl_1", 0 0, L_000001da1fb530f0;  1 drivers
L_000001da1fb535c8 .functor BUFT 1, C4<111>, C4<0>, C4<0>, C4<0>;
v000001da1faa4290_0 .net/2u *"_ivl_2", 2 0, L_000001da1fb535c8;  1 drivers
v000001da1faa5230_0 .net *"_ivl_4", 0 0, L_000001da1fb52830;  1 drivers
v000001da1faa4470_0 .var "bit_counter", 2 0;
v000001da1faa4a10_0 .net "clk_in", 0 0, v000001da1fb52b50_0;  alias, 1 drivers
v000001da1faa4790_0 .net "data_out", 7 0, L_000001da1faab6d0;  alias, 1 drivers
v000001da1faa4ab0_0 .net "data_valid", 0 0, L_000001da1faaa550;  alias, 1 drivers
v000001da1faa4f10_0 .net "data_valid_in", 0 0, L_000001da1faaa160;  alias, 1 drivers
v000001da1faa50f0_0 .var "receiving", 0 0;
v000001da1faa5910_0 .net "rst_n", 0 0, v000001da1fb52e70_0;  alias, 1 drivers
v000001da1faa4c90_0 .net "serial_in", 0 0, L_000001da1faaac50;  alias, 1 drivers
v000001da1faa52d0_0 .var "shift_reg", 7 0;
L_000001da1fb530f0 .reduce/nor v000001da1faa50f0_0;
L_000001da1fb52830 .cmp/eq 3, v000001da1faa4470_0, L_000001da1fb535c8;
S_000001da1f981890 .scope module, "u_master1" "master" 4 65, 6 1 0, S_000001da1f9eca40;
 .timescale -9 -12;
    .port_info 0 /INPUT 1 "clk";
    .port_info 1 /INPUT 1 "rst";
    .port_info 2 /OUTPUT 1 "req_o";
    .port_info 3 /INPUT 1 "grant_i";
    .port_info 4 /OUTPUT 1 "addr_data_o";
    .port_info 5 /OUTPUT 1 "frame_valid_o";
    .port_info 6 /OUTPUT 1 "mready_o";
    .port_info 7 /INPUT 1 "rdata_ser_i";
    .port_info 8 /INPUT 1 "rvalid_i";
P_000001da1fa10710 .param/l "ACTIVE" 1 6 45, C4<011>;
P_000001da1fa10748 .param/l "ACTIVE_TIMEOUT" 0 6 13, +C4<00000000000000000000000000101000>;
P_000001da1fa10780 .param/l "ADDR_W" 0 6 2, +C4<00000000000000000000000000001111>;
P_000001da1fa107b8 .param/l "BACKOFF" 1 6 46, C4<100>;
P_000001da1fa107f0 .param/l "BACKOFF_DELAY" 0 6 14, +C4<00000000000000000000000000000101>;
P_000001da1fa10828 .param/l "DATA_W" 0 6 3, +C4<00000000000000000000000000001000>;
P_000001da1fa10860 .param/l "IDLE" 1 6 43, C4<001>;
P_000001da1fa10898 .param/l "NUM_TXN" 0 6 5, +C4<00000000000000000000000000001000>;
P_000001da1fa108d0 .param/l "REQUEST" 1 6 44, C4<010>;
P_000001da1fa10908 .param/l "REQ_DELAY" 0 6 7, +C4<00000000000000000000000000000000>;
P_000001da1fa10940 .param/l "RW" 0 6 4, +C4<00000000000000000000000000000001>;
P_000001da1fa10978 .param/l "START_TXN" 0 6 6, +C4<00000000000000000000000000000000>;
P_000001da1fa109b0 .param/l "WAIT" 1 6 42, C4<000>;
P_000001da1fa109e8 .param/l "WRITE_DELAY" 0 6 24, +C4<00000000000000000000000000011010>;
L_000001da1faaa010 .functor AND 1, L_000001da1faaa780, L_000001da1fb51cf0, C4<1>, C4<1>;
v000001da1fb1ca00_0 .net *"_ivl_10", 4 0, L_000001da1fb532d0;  1 drivers
L_000001da1fb536a0 .functor BUFT 1, C4<00>, C4<0>, C4<0>, C4<0>;
v000001da1fb1c820_0 .net *"_ivl_13", 1 0, L_000001da1fb536a0;  1 drivers
v000001da1fb1c640_0 .net *"_ivl_18", 4 0, L_000001da1fb52290;  1 drivers
v000001da1fb1bf60_0 .net *"_ivl_2", 14 0, L_000001da1fb51f70;  1 drivers
L_000001da1fb536e8 .functor BUFT 1, C4<00>, C4<0>, C4<0>, C4<0>;
v000001da1fb1b880_0 .net *"_ivl_21", 1 0, L_000001da1fb536e8;  1 drivers
v000001da1fb1ba60_0 .net *"_ivl_23", 0 0, L_000001da1fb51cf0;  1 drivers
v000001da1fb1cb40_0 .net *"_ivl_4", 4 0, L_000001da1fb52ab0;  1 drivers
L_000001da1fb53658 .functor BUFT 1, C4<00>, C4<0>, C4<0>, C4<0>;
v000001da1fb1ce60_0 .net *"_ivl_7", 1 0, L_000001da1fb53658;  1 drivers
v000001da1fb1c280_0 .net *"_ivl_8", 0 0, L_000001da1fb52010;  1 drivers
v000001da1fb1c6e0_0 .net "addr_data_o", 0 0, L_000001da1fb525b0;  alias, 1 drivers
v000001da1fb1cbe0 .array "addr_mem", 7 0, 14 0;
v000001da1fb1c8c0_0 .net "clk", 0 0, v000001da1fb52b50_0;  alias, 1 drivers
v000001da1fb1cc80_0 .var "delay_cnt", 31 0;
v000001da1fb1dc50_0 .net "frame_valid_o", 0 0, L_000001da1faab5f0;  alias, 1 drivers
v000001da1fb1d570_0 .net "grant_i", 0 0, L_000001da1fb9b8d0;  alias, 1 drivers
v000001da1fb1e510_0 .var/i "i", 31 0;
v000001da1fb1e1f0_0 .net "mready_o", 0 0, L_000001da1fb53610;  alias, 1 drivers
v000001da1fb1e650 .array "rdata_mem", 7 0, 7 0;
v000001da1fb1d9d0_0 .net "rdata_par", 7 0, L_000001da1faaacc0;  1 drivers
v000001da1fb1e470_0 .net "rdata_ser_i", 0 0, L_000001da1faaa6a0;  alias, 1 drivers
v000001da1fb1ed30_0 .var "req_o", 0 0;
v000001da1fb1ebf0_0 .net "rst", 0 0, v000001da1fb52e70_0;  alias, 1 drivers
v000001da1fb1e5b0_0 .net "rvalid_i", 0 0, L_000001da1fb9bc90;  alias, 1 drivers
v000001da1fb1e290_0 .net "rvalid_par", 0 0, L_000001da1faaa780;  1 drivers
v000001da1fb1d610_0 .var "rvalid_par_d", 0 0;
v000001da1fb1e010_0 .net "rvalid_par_pulse", 0 0, L_000001da1faaa010;  1 drivers
v000001da1fb1e970_0 .var "state", 2 0;
v000001da1fb1ded0_0 .var "timeout_cnt", 31 0;
v000001da1fb1d890_0 .var "tx_ptr", 2 0;
v000001da1fb1efb0_0 .var "tx_start", 0 0;
v000001da1fb1da70 .array "wdata_mem", 7 0, 7 0;
v000001da1fb1db10 .array "we_mem", 7 0, 0 0;
L_000001da1fb51f70 .array/port v000001da1fb1cbe0, L_000001da1fb52ab0;
L_000001da1fb52ab0 .concat [ 3 2 0 0], v000001da1fb1d890_0, L_000001da1fb53658;
L_000001da1fb52010 .array/port v000001da1fb1db10, L_000001da1fb532d0;
L_000001da1fb532d0 .concat [ 3 2 0 0], v000001da1fb1d890_0, L_000001da1fb536a0;
L_000001da1fb52bf0 .concat [ 1 15 0 0], L_000001da1fb52010, L_000001da1fb51f70;
L_000001da1fb52c90 .array/port v000001da1fb1da70, L_000001da1fb52290;
L_000001da1fb52290 .concat [ 3 2 0 0], v000001da1fb1d890_0, L_000001da1fb536e8;
L_000001da1fb51cf0 .reduce/nor v000001da1fb1d610_0;
S_000001da1f95b890 .scope module, "u_addr_serializer" "addr_serializer" 6 77, 7 13 0, S_000001da1f981890;
 .timescale -9 -12;
    .port_info 0 /INPUT 1 "clk";
    .port_info 1 /INPUT 1 "rst_n";
    .port_info 2 /INPUT 16 "addr_i";
    .port_info 3 /INPUT 8 "wdata_i";
    .port_info 4 /INPUT 1 "valid_i";
    .port_info 5 /OUTPUT 1 "serial_out";
    .port_info 6 /OUTPUT 1 "frame_valid_out";
P_000001da1fa8d850 .param/l "ADDR_W" 0 7 14, +C4<00000000000000000000000000001111>;
P_000001da1fa8d888 .param/l "CNT_W" 1 7 30, +C4<00000000000000000000000000000101>;
P_000001da1fa8d8c0 .param/l "DATA_W" 0 7 16, +C4<00000000000000000000000000001000>;
P_000001da1fa8d8f8 .param/l "FRAME_W" 0 7 17, +C4<0000000000000000000000000000011000>;
P_000001da1fa8d930 .param/l "RW" 0 7 15, +C4<00000000000000000000000000000001>;
L_000001da1faaa5c0 .functor AND 1, v000001da1fb1efb0_0, L_000001da1fb53230, C4<1>, C4<1>;
L_000001da1faab5f0 .functor BUFZ 1, L_000001da1faaa5c0, C4<0>, C4<0>, C4<0>;
v000001da1fb1d180_0 .net *"_ivl_11", 0 0, L_000001da1fb52a10;  1 drivers
v000001da1fb1c500_0 .net *"_ivl_9", 0 0, L_000001da1fb52510;  1 drivers
v000001da1fb1b9c0_0 .net "addr_i", 15 0, L_000001da1fb52bf0;  1 drivers
v000001da1fb1bba0_0 .var "bit_counter", 4 0;
v000001da1fb1c140_0 .net "clk", 0 0, v000001da1fb52b50_0;  alias, 1 drivers
v000001da1fb1bec0_0 .net "frame_in", 23 0, L_000001da1fb51ed0;  1 drivers
v000001da1fb1cdc0_0 .net "frame_valid_out", 0 0, L_000001da1faab5f0;  alias, 1 drivers
v000001da1fb1b420_0 .net "idle", 0 0, L_000001da1fb53230;  1 drivers
v000001da1fb1b4c0_0 .net "rst_n", 0 0, v000001da1fb52e70_0;  alias, 1 drivers
v000001da1fb1c320_0 .net "serial_out", 0 0, L_000001da1fb525b0;  alias, 1 drivers
v000001da1fb1c000_0 .var "shift_reg", 23 0;
v000001da1fb1bd80_0 .net "start", 0 0, L_000001da1faaa5c0;  1 drivers
v000001da1fb1bb00_0 .var "transmitting", 0 0;
v000001da1fb1c5a0_0 .net "valid_i", 0 0, v000001da1fb1efb0_0;  1 drivers
v000001da1fb1d040_0 .net "wdata_i", 7 0, L_000001da1fb52c90;  1 drivers
L_000001da1fb51ed0 .concat [ 8 16 0 0], L_000001da1fb52c90, L_000001da1fb52bf0;
L_000001da1fb53230 .reduce/nor v000001da1fb1bb00_0;
L_000001da1fb52510 .part L_000001da1fb51ed0, 23, 1;
L_000001da1fb52a10 .part v000001da1fb1c000_0, 23, 1;
L_000001da1fb525b0 .functor MUXZ 1, L_000001da1fb52a10, L_000001da1fb52510, L_000001da1faaa5c0, C4<>;
S_000001da1f95ba20 .scope module, "u_deserializer" "deserializer" 6 98, 8 1 0, S_000001da1f981890;
 .timescale -9 -12;
    .port_info 0 /INPUT 1 "clk_in";
    .port_info 1 /INPUT 1 "rst_n";
    .port_info 2 /INPUT 1 "serial_in";
    .port_info 3 /INPUT 1 "data_valid_in";
    .port_info 4 /OUTPUT 8 "data_out";
    .port_info 5 /OUTPUT 1 "data_valid";
L_000001da1faaa780 .functor AND 1, L_000001da1fb51d90, L_000001da1fb52d30, C4<1>, C4<1>;
L_000001da1faaacc0 .functor BUFZ 8, v000001da1fb1b740_0, C4<00000000>, C4<00000000>, C4<00000000>;
v000001da1fb1d220_0 .net *"_ivl_1", 0 0, L_000001da1fb51d90;  1 drivers
L_000001da1fb53730 .functor BUFT 1, C4<111>, C4<0>, C4<0>, C4<0>;
v000001da1fb1be20_0 .net/2u *"_ivl_2", 2 0, L_000001da1fb53730;  1 drivers
v000001da1fb1cd20_0 .net *"_ivl_4", 0 0, L_000001da1fb52d30;  1 drivers
v000001da1fb1d0e0_0 .var "bit_counter", 2 0;
v000001da1fb1c780_0 .net "clk_in", 0 0, v000001da1fb52b50_0;  alias, 1 drivers
v000001da1fb1c960_0 .net "data_out", 7 0, L_000001da1faaacc0;  alias, 1 drivers
v000001da1fb1b7e0_0 .net "data_valid", 0 0, L_000001da1faaa780;  alias, 1 drivers
v000001da1fb1c1e0_0 .net "data_valid_in", 0 0, L_000001da1fb9bc90;  alias, 1 drivers
v000001da1fb1c3c0_0 .var "receiving", 0 0;
v000001da1fb1b6a0_0 .net "rst_n", 0 0, v000001da1fb52e70_0;  alias, 1 drivers
v000001da1fb1bce0_0 .net "serial_in", 0 0, L_000001da1faaa6a0;  alias, 1 drivers
v000001da1fb1b740_0 .var "shift_reg", 7 0;
L_000001da1fb51d90 .reduce/nor v000001da1fb1c3c0_0;
L_000001da1fb52d30 .cmp/eq 3, v000001da1fb1d0e0_0, L_000001da1fb53730;
S_000001da1f94b490 .scope module, "u_serial_system_bus" "serial_system_bus" 4 120, 9 1 0, S_000001da1f9eca40;
 .timescale -9 -12;
    .port_info 0 /INPUT 1 "clk";
    .port_info 1 /INPUT 1 "rst";
    .port_info 2 /INPUT 1 "req_M0";
    .port_info 3 /OUTPUT 1 "grant_M0";
    .port_info 4 /INPUT 1 "addr_data_M0";
    .port_info 5 /INPUT 1 "frame_valid_M0";
    .port_info 6 /OUTPUT 1 "rdata_M0_ser";
    .port_info 7 /INPUT 1 "mready_M0";
    .port_info 8 /OUTPUT 1 "rvalid_M0";
    .port_info 9 /INPUT 1 "req_M1";
    .port_info 10 /OUTPUT 1 "grant_M1";
    .port_info 11 /INPUT 1 "addr_data_M1";
    .port_info 12 /INPUT 1 "frame_valid_M1";
    .port_info 13 /OUTPUT 1 "rdata_M1_ser";
    .port_info 14 /INPUT 1 "mready_M1";
    .port_info 15 /OUTPUT 1 "rvalid_M1";
    .port_info 16 /OUTPUT 1 "slave_sel1";
    .port_info 17 /OUTPUT 1 "slave_sel2";
    .port_info 18 /OUTPUT 1 "slave_sel3";
    .port_info 19 /OUTPUT 1 "ext_redirect";
    .port_info 20 /OUTPUT 1 "addr_invalid";
    .port_info 21 /OUTPUT 1 "addr_data_bus";
    .port_info 22 /OUTPUT 1 "valid_bus";
    .port_info 23 /OUTPUT 1 "mready_bus";
    .port_info 24 /INPUT 1 "rdata_S0_ser";
    .port_info 25 /INPUT 1 "rvalid_S0";
    .port_info 26 /INPUT 1 "rdata_S1_ser";
    .port_info 27 /INPUT 1 "rvalid_S1";
    .port_info 28 /INPUT 1 "rdata_S2_ser";
    .port_info 29 /INPUT 1 "rvalid_S2";
    .port_info 30 /INPUT 1 "split";
    .port_info 31 /INPUT 1 "resume";
P_000001da1f94b620 .param/l "ADDR_W" 0 9 2, +C4<00000000000000000000000000001111>;
P_000001da1f94b658 .param/l "DATA_W" 0 9 3, +C4<00000000000000000000000000001000>;
P_000001da1f94b690 .param/l "NUM_SLAVES" 0 9 5, +C4<00000000000000000000000000000011>;
P_000001da1f94b6c8 .param/l "RW" 0 9 4, +C4<00000000000000000000000000000001>;
L_000001da1faaa8d0 .functor BUFZ 1, L_000001da1fb9c2d0, C4<0>, C4<0>, C4<0>;
L_000001da1faaac50 .functor BUFZ 1, L_000001da1fb9d810, C4<0>, C4<0>, C4<0>;
L_000001da1faaa080 .functor BUFZ 1, L_000001da1fb9d810, C4<0>, C4<0>, C4<0>;
L_000001da1faaad30 .functor AND 1, L_000001da1fb9d950, v000001da1fb21100_0, C4<1>, C4<1>;
L_000001da1faaaef0 .functor AND 1, v000001da1fb50990_0, L_000001da1fb9bf10, C4<1>, C4<1>;
L_000001da1faaa160 .functor OR 1, L_000001da1faaad30, L_000001da1faaaef0, C4<0>, C4<0>;
L_000001da1faaae10 .functor AND 1, L_000001da1fb9d950, v000001da1fb1f6c0_0, C4<1>, C4<1>;
L_000001da1faaa710 .functor AND 1, v000001da1fb50990_0, v000001da1fb20fc0_0, C4<1>, C4<1>;
L_000001da1faab430 .functor OR 1, L_000001da1faaae10, L_000001da1faaa710, C4<0>, C4<0>;
v000001da1fb20b60_0 .net *"_ivl_11", 0 0, L_000001da1fb9bf10;  1 drivers
v000001da1fb20160_0 .net *"_ivl_13", 0 0, L_000001da1faaaef0;  1 drivers
v000001da1fb20ca0_0 .net *"_ivl_17", 0 0, L_000001da1faaae10;  1 drivers
v000001da1fb20200_0 .net *"_ivl_19", 0 0, L_000001da1faaa710;  1 drivers
v000001da1fb20c00_0 .net *"_ivl_9", 0 0, L_000001da1faaad30;  1 drivers
v000001da1fb20d40_0 .net "addr_data_M0", 0 0, L_000001da1fb523d0;  alias, 1 drivers
v000001da1fb33f50_0 .net "addr_data_M1", 0 0, L_000001da1fb52470;  alias, 1 drivers
v000001da1fb32a10_0 .net "addr_data_bus", 0 0, L_000001da1fb9ca50;  alias, 1 drivers
v000001da1fb32ab0_0 .net "addr_invalid", 0 0, v000001da1fb1f230_0;  alias, 1 drivers
v000001da1fb341d0_0 .net "addr_sel", 0 0, v000001da1fb20480_0;  1 drivers
v000001da1fb33ff0_0 .net "clk", 0 0, v000001da1fb52b50_0;  alias, 1 drivers
v000001da1fb32b50_0 .net "ctr_sel", 0 0, v000001da1fb20f20_0;  1 drivers
v000001da1fb32bf0_0 .net "data_sel", 0 0, v000001da1fb20660_0;  1 drivers
v000001da1fb33370_0 .net "ext_redirect", 0 0, v000001da1fb1d750_0;  alias, 1 drivers
v000001da1fb32650_0 .net "frame_valid_M0", 0 0, L_000001da1faaa860;  alias, 1 drivers
v000001da1fb32c90_0 .net "frame_valid_M1", 0 0, L_000001da1fb52650;  alias, 1 drivers
v000001da1fb32d30_0 .net "grant_M0", 0 0, v000001da1fb21100_0;  alias, 1 drivers
v000001da1fb32dd0_0 .net "grant_M1", 0 0, v000001da1fb1f6c0_0;  alias, 1 drivers
v000001da1fb33eb0_0 .net "mready_M0", 0 0, L_000001da1fb534a8;  alias, 1 drivers
v000001da1fb33870_0 .net "mready_M1", 0 0, L_000001da1fb9dc70;  alias, 1 drivers
v000001da1fb32f10_0 .net "mready_bus", 0 0, L_000001da1fb9d630;  alias, 1 drivers
v000001da1fb33690_0 .net "parked_id", 0 0, v000001da1fb20fc0_0;  1 drivers
v000001da1fb330f0_0 .net "rdata_M0_ser", 0 0, L_000001da1faaac50;  alias, 1 drivers
v000001da1fb34270_0 .net "rdata_M1_ser", 0 0, L_000001da1faaa080;  alias, 1 drivers
v000001da1fb326f0_0 .net "rdata_S0_ser", 0 0, L_000001da1fb9b970;  alias, 1 drivers
v000001da1fb33230_0 .net "rdata_S1_ser", 0 0, L_000001da1fb9ba10;  alias, 1 drivers
v000001da1fb33190_0 .net "rdata_S2_ser", 0 0, L_000001da1faab890;  alias, 1 drivers
v000001da1fb33b90_0 .net "rdata_slave_ser", 0 0, L_000001da1fb9d810;  1 drivers
v000001da1fb32790_0 .net "req_M0", 0 0, v000001da1fa7d040_0;  alias, 1 drivers
v000001da1fb32e70_0 .net "req_M1", 0 0, L_000001da1fb51e30;  alias, 1 drivers
v000001da1fb33050_0 .net "req_frame_valid", 0 0, L_000001da1fb9d770;  1 drivers
v000001da1fb33d70_0 .net "req_line", 0 0, L_000001da1fb9b790;  1 drivers
v000001da1fb33e10_0 .net "resume", 0 0, v000001da1fb50990_0;  alias, 1 drivers
v000001da1fb335f0_0 .net "rst", 0 0, v000001da1fb52e70_0;  alias, 1 drivers
v000001da1fb34310_0 .net "rvalid_M0", 0 0, L_000001da1faaa160;  alias, 1 drivers
v000001da1fb32fb0_0 .net "rvalid_M1", 0 0, L_000001da1faab430;  alias, 1 drivers
v000001da1fb332d0_0 .net "rvalid_S0", 0 0, L_000001da1faab7b0;  alias, 1 drivers
v000001da1fb33410_0 .net "rvalid_S1", 0 0, L_000001da1faab190;  alias, 1 drivers
v000001da1fb34090_0 .net "rvalid_S2", 0 0, L_000001da1faa9e50;  alias, 1 drivers
v000001da1fb334b0_0 .net "rvalid_slave", 0 0, L_000001da1fb9d950;  1 drivers
v000001da1fb33550_0 .net "slave_sel1", 0 0, v000001da1fb1d430_0;  alias, 1 drivers
v000001da1fb33cd0_0 .net "slave_sel2", 0 0, v000001da1fb1df70_0;  alias, 1 drivers
v000001da1fb33730_0 .net "slave_sel3", 0 0, v000001da1fb1dcf0_0;  alias, 1 drivers
v000001da1fb33910_0 .net "split", 0 0, v000001da1fb519d0_0;  alias, 1 drivers
v000001da1fb32970_0 .net "valid_bus", 0 0, L_000001da1fb9c2d0;  alias, 1 drivers
v000001da1fb337d0_0 .net "xfer_done", 0 0, L_000001da1faaa8d0;  1 drivers
L_000001da1fb9d630 .functor MUXZ 1, L_000001da1fb534a8, L_000001da1fb9dc70, v000001da1fb20f20_0, C4<>;
L_000001da1fb9bf10 .reduce/nor v000001da1fb20fc0_0;
S_000001da1f9c4830 .scope module, "u_addr_redirect" "addr_redirect" 9 114, 10 1 0, S_000001da1f94b490;
 .timescale -9 -12;
    .port_info 0 /INPUT 1 "clk";
    .port_info 1 /INPUT 1 "rst_n";
    .port_info 2 /INPUT 1 "serial_in";
    .port_info 3 /INPUT 1 "frame_valid_in";
    .port_info 4 /OUTPUT 1 "slave_sel1";
    .port_info 5 /OUTPUT 1 "slave_sel2";
    .port_info 6 /OUTPUT 1 "slave_sel3";
    .port_info 7 /OUTPUT 1 "ext_redirect";
    .port_info 8 /OUTPUT 1 "addr_invalid";
    .port_info 9 /OUTPUT 1 "addr_data_o";
    .port_info 10 /OUTPUT 1 "frame_valid_o";
P_000001da1fa8e930 .param/l "NUM_SLAVES" 0 10 2, +C4<00000000000000000000000000000011>;
P_000001da1fa8e968 .param/l "OUT_DELAY" 0 10 5, +C4<00000000000000000000000000000100>;
P_000001da1fa8e9a0 .param/l "SEL_W" 0 10 3, +C4<00000000000000000000000000000010>;
P_000001da1fa8e9d8 .param/l "TAP_BITS" 0 10 4, +C4<000000000000000000000000000000011>;
P_000001da1fa8ea10 .param/l "TAP_CNT_W" 1 10 26, +C4<00000000000000000000000000000010>;
v000001da1fb1ef10_0 .net *"_ivl_1", 1 0, L_000001da1fb9c410;  1 drivers
v000001da1fb1ea10_0 .net "addr_data_o", 0 0, L_000001da1fb9ca50;  alias, 1 drivers
v000001da1fb1f230_0 .var "addr_invalid", 0 0;
v000001da1fb1eab0_0 .net "clk", 0 0, v000001da1fb52b50_0;  alias, 1 drivers
v000001da1fb1dbb0_0 .net "dec_addr_invalid", 0 0, v000001da1fb1e830_0;  1 drivers
v000001da1fb1f2d0_0 .net "dec_ext_redirect", 0 0, v000001da1fb1e330_0;  1 drivers
v000001da1fb1d6b0_0 .net "dec_sel1", 0 0, v000001da1fb1e790_0;  1 drivers
v000001da1fb1e3d0_0 .net "dec_sel2", 0 0, v000001da1fb1e8d0_0;  1 drivers
v000001da1fb1de30_0 .net "dec_sel3", 0 0, v000001da1fb1d930_0;  1 drivers
v000001da1fb1eb50_0 .var "early_bits", 2 0;
v000001da1fb1e0b0_0 .var "early_valid", 0 0;
v000001da1fb1d750_0 .var "ext_redirect", 0 0;
v000001da1fb1e150_0 .net "frame_valid_in", 0 0, L_000001da1fb9d770;  alias, 1 drivers
v000001da1fb1f190_0 .net "frame_valid_o", 0 0, L_000001da1fb9c2d0;  alias, 1 drivers
v000001da1fb1d7f0_0 .net "rst_n", 0 0, v000001da1fb52e70_0;  alias, 1 drivers
v000001da1fb1ee70_0 .var "serial_delay", 3 0;
v000001da1fb1f050_0 .net "serial_in", 0 0, L_000001da1fb9b790;  alias, 1 drivers
v000001da1fb1d430_0 .var "slave_sel1", 0 0;
v000001da1fb1df70_0 .var "slave_sel2", 0 0;
v000001da1fb1dcf0_0 .var "slave_sel3", 0 0;
v000001da1fb1dd90_0 .var "tap_capturing", 0 0;
v000001da1fb1f9e0_0 .var "tap_count", 1 0;
v000001da1fb205c0_0 .var "tap_shift", 2 0;
v000001da1fb1fee0_0 .net "tap_shift_next", 2 0, L_000001da1fb9d090;  1 drivers
v000001da1fb20020_0 .var "valid_delay", 3 0;
L_000001da1fb9c410 .part v000001da1fb205c0_0, 0, 2;
L_000001da1fb9d090 .concat [ 1 2 0 0], L_000001da1fb9b790, L_000001da1fb9c410;
L_000001da1fb9ca50 .part v000001da1fb1ee70_0, 3, 1;
L_000001da1fb9c2d0 .part v000001da1fb20020_0, 3, 1;
S_000001da1f9665b0 .scope module, "u_addr_decoder" "addr_decoder" 10 75, 11 12 0, S_000001da1f9c4830;
 .timescale -9 -12;
    .port_info 0 /INPUT 3 "sel_bits";
    .port_info 1 /INPUT 1 "valid_i";
    .port_info 2 /OUTPUT 1 "slave_sel1";
    .port_info 3 /OUTPUT 1 "slave_sel2";
    .port_info 4 /OUTPUT 1 "slave_sel3";
    .port_info 5 /OUTPUT 1 "ext_redirect";
    .port_info 6 /OUTPUT 1 "addr_invalid";
P_000001da1f9c49c0 .param/l "NUM_SLAVES" 0 11 13, +C4<00000000000000000000000000000011>;
P_000001da1f9c49f8 .param/l "SEL_W" 0 11 14, +C4<00000000000000000000000000000010>;
P_000001da1f9c4a30 .param/l "TAP_BITS" 0 11 15, +C4<000000000000000000000000000000011>;
v000001da1fb1e830_0 .var "addr_invalid", 0 0;
v000001da1fb1e330_0 .var "ext_redirect", 0 0;
v000001da1fb1edd0_0 .net "is_internal", 0 0, L_000001da1fb9bb50;  1 drivers
v000001da1fb1e6f0_0 .net "sel", 1 0, L_000001da1fb9bd30;  1 drivers
v000001da1fb1f0f0_0 .net "sel_bits", 2 0, v000001da1fb1eb50_0;  1 drivers
v000001da1fb1d4d0_0 .var "slave_sel", 2 0;
v000001da1fb1e790_0 .var "slave_sel1", 0 0;
v000001da1fb1e8d0_0 .var "slave_sel2", 0 0;
v000001da1fb1d930_0 .var "slave_sel3", 0 0;
v000001da1fb1ec90_0 .net "valid_i", 0 0, v000001da1fb1e0b0_0;  1 drivers
E_000001da1fa93110 .event anyedge, v000001da1fb1ec90_0, v000001da1fb1edd0_0, v000001da1fb1e6f0_0, v000001da1fb1d4d0_0;
L_000001da1fb9bb50 .part v000001da1fb1eb50_0, 2, 1;
L_000001da1fb9bd30 .part v000001da1fb1eb50_0, 0, 2;
S_000001da1f966740 .scope module, "u_arbiter" "arbiter" 9 69, 12 2 0, S_000001da1f94b490;
 .timescale -9 -12;
    .port_info 0 /INPUT 1 "clk";
    .port_info 1 /INPUT 1 "rst";
    .port_info 2 /INPUT 1 "req_M0";
    .port_info 3 /INPUT 1 "req_M1";
    .port_info 4 /INPUT 1 "split";
    .port_info 5 /INPUT 1 "resume";
    .port_info 6 /INPUT 1 "xfer_done";
    .port_info 7 /OUTPUT 1 "grant_M0";
    .port_info 8 /OUTPUT 1 "grant_M1";
    .port_info 9 /OUTPUT 1 "addr_sel";
    .port_info 10 /OUTPUT 1 "data_sel";
    .port_info 11 /OUTPUT 1 "ctr_sel";
    .port_info 12 /OUTPUT 1 "parked_id";
P_000001da1f9668d0 .param/l "BUSY" 1 12 31, C4<01>;
P_000001da1f966908 .param/l "IDLE" 1 12 30, C4<00>;
P_000001da1f966940 .param/l "PARKED_BUSY" 1 12 33, C4<11>;
P_000001da1f966978 .param/l "PARKED_IDLE" 1 12 32, C4<10>;
v000001da1fb20480_0 .var "addr_sel", 0 0;
v000001da1fb1f940_0 .net "clk", 0 0, v000001da1fb52b50_0;  alias, 1 drivers
v000001da1fb20f20_0 .var "ctr_sel", 0 0;
v000001da1fb1f440_0 .var "cur_owner", 0 0;
v000001da1fb20660_0 .var "data_sel", 0 0;
v000001da1fb21100_0 .var "grant_M0", 0 0;
v000001da1fb1f6c0_0 .var "grant_M1", 0 0;
v000001da1fb20fc0_0 .var "parked_id", 0 0;
v000001da1fb20340_0 .net "req_M0", 0 0, v000001da1fa7d040_0;  alias, 1 drivers
v000001da1fb20e80_0 .net "req_M1", 0 0, L_000001da1fb51e30;  alias, 1 drivers
v000001da1fb212e0_0 .net "resume", 0 0, v000001da1fb50990_0;  alias, 1 drivers
v000001da1fb211a0_0 .var "resume_pending", 0 0;
v000001da1fb1fc60_0 .net "rst", 0 0, v000001da1fb52e70_0;  alias, 1 drivers
v000001da1fb202a0_0 .net "split", 0 0, v000001da1fb519d0_0;  alias, 1 drivers
v000001da1fb1f4e0_0 .var "state", 1 0;
v000001da1fb1f580_0 .net "xfer_done", 0 0, L_000001da1faaa8d0;  alias, 1 drivers
S_000001da1f9af210 .scope module, "u_master_request_mux" "master_request_mux" 9 93, 13 8 0, S_000001da1f94b490;
 .timescale -9 -12;
    .port_info 0 /INPUT 1 "ctr_sel";
    .port_info 1 /INPUT 1 "serial_out_M0";
    .port_info 2 /INPUT 1 "frame_valid_M0";
    .port_info 3 /INPUT 1 "serial_out_M1";
    .port_info 4 /INPUT 1 "frame_valid_M1";
    .port_info 5 /OUTPUT 1 "addr_data_bus";
    .port_info 6 /OUTPUT 1 "frame_valid_bus";
v000001da1fb1fa80_0 .net "addr_data_bus", 0 0, L_000001da1fb9b790;  alias, 1 drivers
v000001da1fb20700_0 .net "ctr_sel", 0 0, v000001da1fb20f20_0;  alias, 1 drivers
v000001da1fb1f620_0 .net "frame_valid_M0", 0 0, L_000001da1faaa860;  alias, 1 drivers
v000001da1fb203e0_0 .net "frame_valid_M1", 0 0, L_000001da1fb52650;  alias, 1 drivers
v000001da1fb20de0_0 .net "frame_valid_bus", 0 0, L_000001da1fb9d770;  alias, 1 drivers
v000001da1fb21060_0 .net "serial_out_M0", 0 0, L_000001da1fb523d0;  alias, 1 drivers
v000001da1fb1f760_0 .net "serial_out_M1", 0 0, L_000001da1fb52470;  alias, 1 drivers
L_000001da1fb9b790 .functor MUXZ 1, L_000001da1fb523d0, L_000001da1fb52470, v000001da1fb20f20_0, C4<>;
L_000001da1fb9d770 .functor MUXZ 1, L_000001da1faaa860, L_000001da1fb52650, v000001da1fb20f20_0, C4<>;
S_000001da1f9af3a0 .scope module, "u_slave_response_mux" "slave_response_mux" 9 150, 14 8 0, S_000001da1f94b490;
 .timescale -9 -12;
    .port_info 0 /INPUT 1 "slave_sel1";
    .port_info 1 /INPUT 1 "slave_sel2";
    .port_info 2 /INPUT 1 "slave_sel3";
    .port_info 3 /INPUT 1 "rdata_S0";
    .port_info 4 /INPUT 1 "rvalid_S0";
    .port_info 5 /INPUT 1 "rdata_S1";
    .port_info 6 /INPUT 1 "rvalid_S1";
    .port_info 7 /INPUT 1 "rdata_S2";
    .port_info 8 /INPUT 1 "rvalid_S2";
    .port_info 9 /OUTPUT 1 "rdata_slave";
    .port_info 10 /OUTPUT 1 "rvalid_slave";
P_000001da1fa92ad0 .param/l "DATA_W" 0 14 9, +C4<00000000000000000000000000000001>;
L_000001da1fb53898 .functor BUFT 1, C4<0>, C4<0>, C4<0>, C4<0>;
v000001da1fb1fd00_0 .net/2u *"_ivl_0", 0 0, L_000001da1fb53898;  1 drivers
v000001da1fb207a0_0 .net *"_ivl_10", 0 0, L_000001da1fb9c870;  1 drivers
v000001da1fb20840_0 .net *"_ivl_12", 0 0, L_000001da1fb9be70;  1 drivers
v000001da1fb208e0_0 .net *"_ivl_2", 0 0, L_000001da1fb9bbf0;  1 drivers
v000001da1fb21240_0 .net *"_ivl_4", 0 0, L_000001da1fb9bdd0;  1 drivers
L_000001da1fb538e0 .functor BUFT 1, C4<0>, C4<0>, C4<0>, C4<0>;
v000001da1fb20520_0 .net/2u *"_ivl_8", 0 0, L_000001da1fb538e0;  1 drivers
v000001da1fb1fb20_0 .net "rdata_S0", 0 0, L_000001da1fb9b970;  alias, 1 drivers
v000001da1fb20980_0 .net "rdata_S1", 0 0, L_000001da1fb9ba10;  alias, 1 drivers
v000001da1fb1f800_0 .net "rdata_S2", 0 0, L_000001da1faab890;  alias, 1 drivers
v000001da1fb1f8a0_0 .net "rdata_slave", 0 0, L_000001da1fb9d810;  alias, 1 drivers
v000001da1fb1fbc0_0 .net "rvalid_S0", 0 0, L_000001da1faab7b0;  alias, 1 drivers
v000001da1fb20a20_0 .net "rvalid_S1", 0 0, L_000001da1faab190;  alias, 1 drivers
v000001da1fb1fda0_0 .net "rvalid_S2", 0 0, L_000001da1faa9e50;  alias, 1 drivers
v000001da1fb200c0_0 .net "rvalid_slave", 0 0, L_000001da1fb9d950;  alias, 1 drivers
v000001da1fb20ac0_0 .net "slave_sel1", 0 0, v000001da1fb1d430_0;  alias, 1 drivers
v000001da1fb1fe40_0 .net "slave_sel2", 0 0, v000001da1fb1df70_0;  alias, 1 drivers
v000001da1fb1ff80_0 .net "slave_sel3", 0 0, v000001da1fb1dcf0_0;  alias, 1 drivers
L_000001da1fb9bbf0 .functor MUXZ 1, L_000001da1fb53898, L_000001da1faab890, v000001da1fb1dcf0_0, C4<>;
L_000001da1fb9bdd0 .functor MUXZ 1, L_000001da1fb9bbf0, L_000001da1fb9ba10, v000001da1fb1df70_0, C4<>;
L_000001da1fb9d810 .functor MUXZ 1, L_000001da1fb9bdd0, L_000001da1fb9b970, v000001da1fb1d430_0, C4<>;
L_000001da1fb9c870 .functor MUXZ 1, L_000001da1fb538e0, L_000001da1faa9e50, v000001da1fb1dcf0_0, C4<>;
L_000001da1fb9be70 .functor MUXZ 1, L_000001da1fb9c870, L_000001da1faab190, v000001da1fb1df70_0, C4<>;
L_000001da1fb9d950 .functor MUXZ 1, L_000001da1fb9be70, L_000001da1faab7b0, v000001da1fb1d430_0, C4<>;
S_000001da1fb34480 .scope module, "u_slave0" "slave" 4 169, 15 1 0, S_000001da1f9eca40;
 .timescale -9 -12;
    .port_info 0 /INPUT 1 "clk";
    .port_info 1 /INPUT 1 "rst";
    .port_info 2 /INPUT 1 "cs_i";
    .port_info 3 /INPUT 1 "addr_data_i";
    .port_info 4 /INPUT 1 "valid_i";
    .port_info 5 /OUTPUT 1 "rdata_o_ser";
    .port_info 6 /OUTPUT 1 "rvalid_o";
P_000001da1f94b710 .param/l "ADDR_W" 0 15 2, +C4<00000000000000000000000000001100>;
P_000001da1f94b748 .param/l "DATA_W" 0 15 3, +C4<00000000000000000000000000001000>;
P_000001da1f94b780 .param/l "RW" 0 15 4, +C4<00000000000000000000000000000001>;
v000001da1fb3dcd0_0 .net "addr_c", 14 0, v000001da1fb32830_0;  1 drivers
v000001da1fb3e630_0 .net "addr_data_i", 0 0, L_000001da1fb9ca50;  alias, 1 drivers
v000001da1fb3e270_0 .net "clk", 0 0, v000001da1fb52b50_0;  alias, 1 drivers
v000001da1fb3ea90_0 .net "cs_i", 0 0, v000001da1fb1d430_0;  alias, 1 drivers
v000001da1fb3e6d0_0 .net "frame_done", 0 0, v000001da1fb34130_0;  1 drivers
v000001da1fb3d550 .array "mem", 15 0, 7 0;
v000001da1fb3dd70_0 .net "rdata_o_ser", 0 0, L_000001da1fb9b970;  alias, 1 drivers
v000001da1fb3f7b0_0 .var "rdata_reg", 7 0;
v000001da1fb3de10_0 .net "rst", 0 0, v000001da1fb52e70_0;  alias, 1 drivers
v000001da1fb3dff0_0 .net "rvalid_o", 0 0, L_000001da1faab7b0;  alias, 1 drivers
v000001da1fb3da50_0 .var "ser_trigger", 0 0;
v000001da1fb3e810_0 .net "valid_i", 0 0, L_000001da1fb9c2d0;  alias, 1 drivers
v000001da1fb3fa30_0 .net "wdata_c", 7 0, v000001da1fb3d910_0;  1 drivers
v000001da1fb3e8b0_0 .net "we_c", 0 0, v000001da1fb3e770_0;  1 drivers
S_000001da1fb34c50 .scope module, "u_deserializer" "addr_data_deserializer" 15 33, 16 7 0, S_000001da1fb34480;
 .timescale -9 -12;
    .port_info 0 /INPUT 1 "clk";
    .port_info 1 /INPUT 1 "rst";
    .port_info 2 /INPUT 1 "cs_i";
    .port_info 3 /INPUT 1 "addr_data_i";
    .port_info 4 /INPUT 1 "valid_i";
    .port_info 5 /OUTPUT 1 "we_o";
    .port_info 6 /OUTPUT 15 "addr_o";
    .port_info 7 /OUTPUT 8 "wdata_o";
    .port_info 8 /OUTPUT 1 "frame_done";
P_000001da1f9af530 .param/l "ADDR_W" 0 16 8, +C4<00000000000000000000000000001111>;
P_000001da1f9af568 .param/l "DATA_W" 0 16 10, +C4<00000000000000000000000000001000>;
P_000001da1f9af5a0 .param/l "FRAME_W" 0 16 11, +C4<0000000000000000000000000000011000>;
P_000001da1f9af5d8 .param/l "RW" 0 16 9, +C4<00000000000000000000000000000001>;
L_000001da1faab120 .functor AND 1, v000001da1fb1d430_0, L_000001da1fb9c2d0, C4<1>, C4<1>;
v000001da1fb32470_0 .net *"_ivl_1", 22 0, L_000001da1fb9c9b0;  1 drivers
v000001da1fb33a50_0 .net "addr_data_i", 0 0, L_000001da1fb9ca50;  alias, 1 drivers
v000001da1fb32830_0 .var "addr_o", 14 0;
v000001da1fb33af0_0 .var "bit_count", 5 0;
v000001da1fb325b0_0 .var "capturing", 0 0;
v000001da1fb33c30_0 .net "clk", 0 0, v000001da1fb52b50_0;  alias, 1 drivers
v000001da1fb32510_0 .net "cs_i", 0 0, v000001da1fb1d430_0;  alias, 1 drivers
v000001da1fb34130_0 .var "frame_done", 0 0;
v000001da1fb328d0_0 .net "rst", 0 0, v000001da1fb52e70_0;  alias, 1 drivers
v000001da1fb3f8f0_0 .net "sel", 0 0, L_000001da1faab120;  1 drivers
v000001da1fb3fad0_0 .net "shift_next", 23 0, L_000001da1fb9caf0;  1 drivers
v000001da1fb3edb0_0 .var "shift_reg", 23 0;
v000001da1fb3d870_0 .net "valid_i", 0 0, L_000001da1fb9c2d0;  alias, 1 drivers
v000001da1fb3d910_0 .var "wdata_o", 7 0;
v000001da1fb3e770_0 .var "we_o", 0 0;
L_000001da1fb9c9b0 .part v000001da1fb3edb0_0, 0, 23;
L_000001da1fb9caf0 .concat [ 1 23 0 0], L_000001da1fb9ca50, L_000001da1fb9c9b0;
S_000001da1fb34de0 .scope module, "u_serializer" "Serializer" 15 73, 17 1 0, S_000001da1fb34480;
 .timescale -9 -12;
    .port_info 0 /INPUT 1 "clk_in";
    .port_info 1 /INPUT 1 "rst_n";
    .port_info 2 /INPUT 8 "data_in";
    .port_info 3 /INPUT 1 "data_valid";
    .port_info 4 /OUTPUT 1 "serial_out";
    .port_info 5 /OUTPUT 1 "data_valid_out";
    .port_info 6 /OUTPUT 1 "done";
L_000001da1faab7b0 .functor BUFZ 1, v000001da1fb3db90_0, C4<0>, C4<0>, C4<0>;
L_000001da1faaaf60 .functor AND 1, L_000001da1fb9cb90, v000001da1fb3da50_0, C4<1>, C4<1>;
v000001da1fb3e310_0 .net *"_ivl_3", 0 0, L_000001da1fb9cb90;  1 drivers
v000001da1fb3dc30_0 .net *"_ivl_7", 0 0, L_000001da1fb9bfb0;  1 drivers
L_000001da1fb53928 .functor BUFT 1, C4<0>, C4<0>, C4<0>, C4<0>;
v000001da1fb3d4b0_0 .net/2u *"_ivl_8", 0 0, L_000001da1fb53928;  1 drivers
v000001da1fb3f990_0 .var "bit_counter", 2 0;
v000001da1fb3f2b0_0 .net "clk_in", 0 0, v000001da1fb52b50_0;  alias, 1 drivers
v000001da1fb3e3b0_0 .net "data_in", 7 0, v000001da1fb3f7b0_0;  1 drivers
v000001da1fb3df50_0 .net "data_valid", 0 0, v000001da1fb3da50_0;  1 drivers
v000001da1fb3fc10_0 .net "data_valid_out", 0 0, L_000001da1faab7b0;  alias, 1 drivers
v000001da1fb3f710_0 .net "done", 0 0, L_000001da1faaaf60;  1 drivers
v000001da1fb3ebd0_0 .net "rst_n", 0 0, v000001da1fb52e70_0;  alias, 1 drivers
v000001da1fb3f5d0_0 .net "serial_out", 0 0, L_000001da1fb9b970;  alias, 1 drivers
v000001da1fb3f850_0 .var "shift_reg", 7 0;
v000001da1fb3db90_0 .var "transmitting", 0 0;
L_000001da1fb9cb90 .reduce/nor v000001da1fb3db90_0;
L_000001da1fb9bfb0 .part v000001da1fb3f850_0, 7, 1;
L_000001da1fb9b970 .functor MUXZ 1, L_000001da1fb53928, L_000001da1fb9bfb0, v000001da1fb3db90_0, C4<>;
S_000001da1fb35100 .scope module, "u_slave1" "slave" 4 183, 15 1 0, S_000001da1f9eca40;
 .timescale -9 -12;
    .port_info 0 /INPUT 1 "clk";
    .port_info 1 /INPUT 1 "rst";
    .port_info 2 /INPUT 1 "cs_i";
    .port_info 3 /INPUT 1 "addr_data_i";
    .port_info 4 /INPUT 1 "valid_i";
    .port_info 5 /OUTPUT 1 "rdata_o_ser";
    .port_info 6 /OUTPUT 1 "rvalid_o";
P_000001da1f9af620 .param/l "ADDR_W" 0 15 2, +C4<00000000000000000000000000001100>;
P_000001da1f9af658 .param/l "DATA_W" 0 15 3, +C4<00000000000000000000000000001000>;
P_000001da1f9af690 .param/l "RW" 0 15 4, +C4<00000000000000000000000000000001>;
v000001da1fb3f490_0 .net "addr_c", 14 0, v000001da1fb3e090_0;  1 drivers
v000001da1fb3daf0_0 .net "addr_data_i", 0 0, L_000001da1fb9ca50;  alias, 1 drivers
v000001da1fb40f70_0 .net "clk", 0 0, v000001da1fb52b50_0;  alias, 1 drivers
v000001da1fb3fe90_0 .net "cs_i", 0 0, v000001da1fb1df70_0;  alias, 1 drivers
v000001da1fb40c50_0 .net "frame_done", 0 0, v000001da1fb3d690_0;  1 drivers
v000001da1fb40d90 .array "mem", 15 0, 7 0;
v000001da1fb41010_0 .net "rdata_o_ser", 0 0, L_000001da1fb9ba10;  alias, 1 drivers
v000001da1fb3fd50_0 .var "rdata_reg", 7 0;
v000001da1fb40890_0 .net "rst", 0 0, v000001da1fb52e70_0;  alias, 1 drivers
v000001da1fb40bb0_0 .net "rvalid_o", 0 0, L_000001da1faab190;  alias, 1 drivers
v000001da1fb40070_0 .var "ser_trigger", 0 0;
v000001da1fb410b0_0 .net "valid_i", 0 0, L_000001da1fb9c2d0;  alias, 1 drivers
v000001da1fb40930_0 .net "wdata_c", 7 0, v000001da1fb3f670_0;  1 drivers
v000001da1fb41150_0 .net "we_c", 0 0, v000001da1fb3e450_0;  1 drivers
S_000001da1fb35290 .scope module, "u_deserializer" "addr_data_deserializer" 15 33, 16 7 0, S_000001da1fb35100;
 .timescale -9 -12;
    .port_info 0 /INPUT 1 "clk";
    .port_info 1 /INPUT 1 "rst";
    .port_info 2 /INPUT 1 "cs_i";
    .port_info 3 /INPUT 1 "addr_data_i";
    .port_info 4 /INPUT 1 "valid_i";
    .port_info 5 /OUTPUT 1 "we_o";
    .port_info 6 /OUTPUT 15 "addr_o";
    .port_info 7 /OUTPUT 8 "wdata_o";
    .port_info 8 /OUTPUT 1 "frame_done";
P_000001da1f9f5e30 .param/l "ADDR_W" 0 16 8, +C4<00000000000000000000000000001111>;
P_000001da1f9f5e68 .param/l "DATA_W" 0 16 10, +C4<00000000000000000000000000001000>;
P_000001da1f9f5ea0 .param/l "FRAME_W" 0 16 11, +C4<0000000000000000000000000000011000>;
P_000001da1f9f5ed8 .param/l "RW" 0 16 9, +C4<00000000000000000000000000000001>;
L_000001da1faab040 .functor AND 1, v000001da1fb1df70_0, L_000001da1fb9c2d0, C4<1>, C4<1>;
v000001da1fb3eb30_0 .net *"_ivl_1", 22 0, L_000001da1fb9b830;  1 drivers
v000001da1fb3deb0_0 .net "addr_data_i", 0 0, L_000001da1fb9ca50;  alias, 1 drivers
v000001da1fb3e090_0 .var "addr_o", 14 0;
v000001da1fb3e950_0 .var "bit_count", 5 0;
v000001da1fb3f350_0 .var "capturing", 0 0;
v000001da1fb3e9f0_0 .net "clk", 0 0, v000001da1fb52b50_0;  alias, 1 drivers
v000001da1fb3d5f0_0 .net "cs_i", 0 0, v000001da1fb1df70_0;  alias, 1 drivers
v000001da1fb3d690_0 .var "frame_done", 0 0;
v000001da1fb3fb70_0 .net "rst", 0 0, v000001da1fb52e70_0;  alias, 1 drivers
v000001da1fb3d730_0 .net "sel", 0 0, L_000001da1faab040;  1 drivers
v000001da1fb3e130_0 .net "shift_next", 23 0, L_000001da1fb9d9f0;  1 drivers
v000001da1fb3e1d0_0 .var "shift_reg", 23 0;
v000001da1fb3ec70_0 .net "valid_i", 0 0, L_000001da1fb9c2d0;  alias, 1 drivers
v000001da1fb3f670_0 .var "wdata_o", 7 0;
v000001da1fb3e450_0 .var "we_o", 0 0;
L_000001da1fb9b830 .part v000001da1fb3e1d0_0, 0, 23;
L_000001da1fb9d9f0 .concat [ 1 23 0 0], L_000001da1fb9ca50, L_000001da1fb9b830;
S_000001da1fb34610 .scope module, "u_serializer" "Serializer" 15 73, 17 1 0, S_000001da1fb35100;
 .timescale -9 -12;
    .port_info 0 /INPUT 1 "clk_in";
    .port_info 1 /INPUT 1 "rst_n";
    .port_info 2 /INPUT 8 "data_in";
    .port_info 3 /INPUT 1 "data_valid";
    .port_info 4 /OUTPUT 1 "serial_out";
    .port_info 5 /OUTPUT 1 "data_valid_out";
    .port_info 6 /OUTPUT 1 "done";
L_000001da1faab190 .functor BUFZ 1, v000001da1fb3f530_0, C4<0>, C4<0>, C4<0>;
L_000001da1faab200 .functor AND 1, L_000001da1fb9c050, v000001da1fb40070_0, C4<1>, C4<1>;
v000001da1fb3e4f0_0 .net *"_ivl_3", 0 0, L_000001da1fb9c050;  1 drivers
v000001da1fb3e590_0 .net *"_ivl_7", 0 0, L_000001da1fb9da90;  1 drivers
L_000001da1fb53970 .functor BUFT 1, C4<0>, C4<0>, C4<0>, C4<0>;
v000001da1fb3ed10_0 .net/2u *"_ivl_8", 0 0, L_000001da1fb53970;  1 drivers
v000001da1fb3d7d0_0 .var "bit_counter", 2 0;
v000001da1fb3ee50_0 .net "clk_in", 0 0, v000001da1fb52b50_0;  alias, 1 drivers
v000001da1fb3eef0_0 .net "data_in", 7 0, v000001da1fb3fd50_0;  1 drivers
v000001da1fb3ef90_0 .net "data_valid", 0 0, v000001da1fb40070_0;  1 drivers
v000001da1fb3f030_0 .net "data_valid_out", 0 0, L_000001da1faab190;  alias, 1 drivers
v000001da1fb3d9b0_0 .net "done", 0 0, L_000001da1faab200;  1 drivers
v000001da1fb3f0d0_0 .net "rst_n", 0 0, v000001da1fb52e70_0;  alias, 1 drivers
v000001da1fb3f210_0 .net "serial_out", 0 0, L_000001da1fb9ba10;  alias, 1 drivers
v000001da1fb3f3f0_0 .var "shift_reg", 7 0;
v000001da1fb3f530_0 .var "transmitting", 0 0;
L_000001da1fb9c050 .reduce/nor v000001da1fb3f530_0;
L_000001da1fb9da90 .part v000001da1fb3f3f0_0, 7, 1;
L_000001da1fb9ba10 .functor MUXZ 1, L_000001da1fb53970, L_000001da1fb9da90, v000001da1fb3f530_0, C4<>;
S_000001da1fb34ac0 .scope module, "u_slave_bridge" "slave_bridge" 4 227, 18 39 0, S_000001da1f9eca40;
 .timescale -9 -12;
    .port_info 0 /INPUT 1 "clk";
    .port_info 1 /INPUT 1 "rst";
    .port_info 2 /INPUT 1 "cs_i";
    .port_info 3 /INPUT 1 "ext_redirect_i";
    .port_info 4 /INPUT 1 "addr_data_i";
    .port_info 5 /INPUT 1 "valid_i";
    .port_info 6 /OUTPUT 1 "rdata_o_ser";
    .port_info 7 /OUTPUT 1 "rvalid_o";
    .port_info 8 /OUTPUT 1 "reqB";
    .port_info 9 /INPUT 1 "grantB";
    .port_info 10 /OUTPUT 1 "addr_data_B";
    .port_info 11 /OUTPUT 1 "frame_valid_B";
    .port_info 12 /INPUT 1 "rdata_B_ser";
    .port_info 13 /OUTPUT 1 "mreadyB";
    .port_info 14 /INPUT 1 "rvalidB";
P_000001da1f9ef730 .param/l "ACTIVE_TIMEOUT" 0 18 44, +C4<00000000000000000000000000101000>;
P_000001da1f9ef768 .param/l "ADDR_W" 0 18 40, +C4<00000000000000000000000000001111>;
P_000001da1f9ef7a0 .param/l "BACKOFF" 1 18 165, C4<011>;
P_000001da1f9ef7d8 .param/l "BACKOFF_DELAY" 0 18 45, +C4<00000000000000000000000000000101>;
P_000001da1f9ef810 .param/l "DATA_W" 0 18 41, +C4<00000000000000000000000000001000>;
P_000001da1f9ef848 .param/l "FRAME_W" 0 18 43, +C4<0000000000000000000000000000011000>;
P_000001da1f9ef880 .param/l "IDLE" 1 18 162, C4<000>;
P_000001da1f9ef8b8 .param/l "ISSUE" 1 18 163, C4<001>;
P_000001da1f9ef8f0 .param/l "RELAY" 1 18 166, C4<100>;
P_000001da1f9ef928 .param/l "RW" 0 18 42, +C4<00000000000000000000000000000001>;
P_000001da1f9ef960 .param/l "WAIT_B" 1 18 164, C4<010>;
P_000001da1f9ef998 .param/l "WAIT_LOW" 1 18 167, C4<101>;
L_000001da1faaa390 .functor AND 1, v000001da1fb1dcf0_0, v000001da1fb1d750_0, C4<1>, C4<1>;
L_000001da1faabd60 .functor AND 1, L_000001da1faabc10, L_000001da1fb9b6f0, C4<1>, C4<1>;
v000001da1fb42000_0 .net *"_ivl_7", 0 0, L_000001da1fb9b6f0;  1 drivers
v000001da1fb42280_0 .net "addr_c", 14 0, v000001da1fb3fdf0_0;  1 drivers
v000001da1fb420a0_0 .net "addr_data_B", 0 0, L_000001da1fb9c190;  alias, 1 drivers
v000001da1fb423c0_0 .net "addr_data_i", 0 0, L_000001da1fb9ca50;  alias, 1 drivers
v000001da1fb43720_0 .var "addr_latch", 14 0;
v000001da1fb42be0_0 .net "bridge_cs", 0 0, L_000001da1faaa390;  1 drivers
v000001da1fb41a60_0 .net "clk", 0 0, v000001da1fb52b50_0;  alias, 1 drivers
v000001da1fb41560_0 .net "cs_i", 0 0, v000001da1fb1dcf0_0;  alias, 1 drivers
v000001da1fb41ce0_0 .var "delay_cnt", 31 0;
v000001da1fb42fa0_0 .net "ext_redirect_i", 0 0, v000001da1fb1d750_0;  alias, 1 drivers
v000001da1fb42460_0 .net "frame_done", 0 0, v000001da1fb40430_0;  1 drivers
v000001da1fb41d80_0 .net "frame_valid_B", 0 0, L_000001da1faabb30;  alias, 1 drivers
v000001da1fb42140_0 .net "grantB", 0 0, L_000001da1fb9d8b0;  alias, 1 drivers
v000001da1fb42b40_0 .net "mreadyB", 0 0, L_000001da1fb53a00;  alias, 1 drivers
v000001da1fb43540_0 .net "rdataB_par", 7 0, L_000001da1faabac0;  1 drivers
v000001da1fb42d20_0 .net "rdata_B_ser", 0 0, L_000001da1faab740;  alias, 1 drivers
v000001da1fb42780_0 .net "rdata_o_ser", 0 0, L_000001da1fb9c550;  alias, 1 drivers
v000001da1fb41600_0 .var "relay_data", 7 0;
v000001da1fb41740_0 .var "relay_trigger", 0 0;
v000001da1fb42500_0 .var "reqB", 0 0;
v000001da1fb425a0_0 .net "rst", 0 0, v000001da1fb52e70_0;  alias, 1 drivers
v000001da1fb42640_0 .net "rvalidB", 0 0, L_000001da1fb9d1d0;  alias, 1 drivers
v000001da1fb41880_0 .net "rvalidB_par", 0 0, L_000001da1faabc10;  1 drivers
v000001da1fb419c0_0 .var "rvalidB_par_d", 0 0;
v000001da1fb428c0_0 .net "rvalidB_pulse", 0 0, L_000001da1faabd60;  1 drivers
v000001da1fb42960_0 .net "rvalid_o", 0 0, L_000001da1faabba0;  alias, 1 drivers
v000001da1fb43040_0 .var "state", 2 0;
v000001da1fb43180_0 .var "timeout_cnt", 31 0;
v000001da1fb41b00_0 .var "tx_start", 0 0;
v000001da1fb43220_0 .net "valid_i", 0 0, L_000001da1fb9c2d0;  alias, 1 drivers
v000001da1fb432c0_0 .net "wdata_c", 7 0, v000001da1fb41ec0_0;  1 drivers
v000001da1fb434a0_0 .var "wdata_latch", 7 0;
v000001da1fb435e0_0 .net "we_c", 0 0, v000001da1fb437c0_0;  1 drivers
v000001da1fb452a0_0 .var "we_latch", 0 0;
L_000001da1fb9b5b0 .concat [ 1 15 0 0], v000001da1fb452a0_0, v000001da1fb43720_0;
L_000001da1fb9b6f0 .reduce/nor v000001da1fb419c0_0;
S_000001da1fb347a0 .scope module, "u_addr_serializer" "addr_serializer" 18 115, 7 13 0, S_000001da1fb34ac0;
 .timescale -9 -12;
    .port_info 0 /INPUT 1 "clk";
    .port_info 1 /INPUT 1 "rst_n";
    .port_info 2 /INPUT 16 "addr_i";
    .port_info 3 /INPUT 8 "wdata_i";
    .port_info 4 /INPUT 1 "valid_i";
    .port_info 5 /OUTPUT 1 "serial_out";
    .port_info 6 /OUTPUT 1 "frame_valid_out";
P_000001da1fa8d970 .param/l "ADDR_W" 0 7 14, +C4<00000000000000000000000000001111>;
P_000001da1fa8d9a8 .param/l "CNT_W" 1 7 30, +C4<00000000000000000000000000000101>;
P_000001da1fa8d9e0 .param/l "DATA_W" 0 7 16, +C4<00000000000000000000000000001000>;
P_000001da1fa8da18 .param/l "FRAME_W" 0 7 17, +C4<0000000000000000000000000000011000>;
P_000001da1fa8da50 .param/l "RW" 0 7 15, +C4<00000000000000000000000000000001>;
L_000001da1faabc80 .functor AND 1, v000001da1fb41b00_0, L_000001da1fb9ccd0, C4<1>, C4<1>;
L_000001da1faabb30 .functor BUFZ 1, L_000001da1faabc80, C4<0>, C4<0>, C4<0>;
v000001da1fb41290_0 .net *"_ivl_11", 0 0, L_000001da1fb9dbd0;  1 drivers
v000001da1fb3ff30_0 .net *"_ivl_9", 0 0, L_000001da1fb9c0f0;  1 drivers
v000001da1fb3ffd0_0 .net "addr_i", 15 0, L_000001da1fb9b5b0;  1 drivers
v000001da1fb406b0_0 .var "bit_counter", 4 0;
v000001da1fb409d0_0 .net "clk", 0 0, v000001da1fb52b50_0;  alias, 1 drivers
v000001da1fb40110_0 .net "frame_in", 23 0, L_000001da1fb9b510;  1 drivers
v000001da1fb40390_0 .net "frame_valid_out", 0 0, L_000001da1faabb30;  alias, 1 drivers
v000001da1fb411f0_0 .net "idle", 0 0, L_000001da1fb9ccd0;  1 drivers
v000001da1fb40b10_0 .net "rst_n", 0 0, v000001da1fb52e70_0;  alias, 1 drivers
v000001da1fb40570_0 .net "serial_out", 0 0, L_000001da1fb9c190;  alias, 1 drivers
v000001da1fb404d0_0 .var "shift_reg", 23 0;
v000001da1fb401b0_0 .net "start", 0 0, L_000001da1faabc80;  1 drivers
v000001da1fb41330_0 .var "transmitting", 0 0;
v000001da1fb3fcb0_0 .net "valid_i", 0 0, v000001da1fb41b00_0;  1 drivers
v000001da1fb40a70_0 .net "wdata_i", 7 0, v000001da1fb434a0_0;  1 drivers
L_000001da1fb9b510 .concat [ 8 16 0 0], v000001da1fb434a0_0, L_000001da1fb9b5b0;
L_000001da1fb9ccd0 .reduce/nor v000001da1fb41330_0;
L_000001da1fb9c0f0 .part L_000001da1fb9b510, 23, 1;
L_000001da1fb9dbd0 .part v000001da1fb404d0_0, 23, 1;
L_000001da1fb9c190 .functor MUXZ 1, L_000001da1fb9dbd0, L_000001da1fb9c0f0, L_000001da1faabc80, C4<>;
S_000001da1fb34f70 .scope module, "u_deserializer" "addr_data_deserializer" 18 89, 16 7 0, S_000001da1fb34ac0;
 .timescale -9 -12;
    .port_info 0 /INPUT 1 "clk";
    .port_info 1 /INPUT 1 "rst";
    .port_info 2 /INPUT 1 "cs_i";
    .port_info 3 /INPUT 1 "addr_data_i";
    .port_info 4 /INPUT 1 "valid_i";
    .port_info 5 /OUTPUT 1 "we_o";
    .port_info 6 /OUTPUT 15 "addr_o";
    .port_info 7 /OUTPUT 8 "wdata_o";
    .port_info 8 /OUTPUT 1 "frame_done";
P_000001da1f9ef9e0 .param/l "ADDR_W" 0 16 8, +C4<00000000000000000000000000001111>;
P_000001da1f9efa18 .param/l "DATA_W" 0 16 10, +C4<00000000000000000000000000001000>;
P_000001da1f9efa50 .param/l "FRAME_W" 0 16 11, +C4<0000000000000000000000000000011000>;
P_000001da1f9efa88 .param/l "RW" 0 16 9, +C4<00000000000000000000000000000001>;
L_000001da1faaa400 .functor AND 1, L_000001da1faaa390, L_000001da1fb9c2d0, C4<1>, C4<1>;
v000001da1fb40cf0_0 .net *"_ivl_1", 22 0, L_000001da1fb9bab0;  1 drivers
v000001da1fb40e30_0 .net "addr_data_i", 0 0, L_000001da1fb9ca50;  alias, 1 drivers
v000001da1fb3fdf0_0 .var "addr_o", 14 0;
v000001da1fb40250_0 .var "bit_count", 5 0;
v000001da1fb402f0_0 .var "capturing", 0 0;
v000001da1fb40750_0 .net "clk", 0 0, v000001da1fb52b50_0;  alias, 1 drivers
v000001da1fb407f0_0 .net "cs_i", 0 0, L_000001da1faaa390;  alias, 1 drivers
v000001da1fb40430_0 .var "frame_done", 0 0;
v000001da1fb40ed0_0 .net "rst", 0 0, v000001da1fb52e70_0;  alias, 1 drivers
v000001da1fb43ae0_0 .net "sel", 0 0, L_000001da1faaa400;  1 drivers
v000001da1fb42dc0_0 .net "shift_next", 23 0, L_000001da1fb9db30;  1 drivers
v000001da1fb41e20_0 .var "shift_reg", 23 0;
v000001da1fb43900_0 .net "valid_i", 0 0, L_000001da1fb9c2d0;  alias, 1 drivers
v000001da1fb41ec0_0 .var "wdata_o", 7 0;
v000001da1fb437c0_0 .var "we_o", 0 0;
L_000001da1fb9bab0 .part v000001da1fb41e20_0, 0, 23;
L_000001da1fb9db30 .concat [ 1 23 0 0], L_000001da1fb9ca50, L_000001da1fb9bab0;
S_000001da1fb34930 .scope module, "u_deserializer_b" "deserializer" 18 134, 8 1 0, S_000001da1fb34ac0;
 .timescale -9 -12;
    .port_info 0 /INPUT 1 "clk_in";
    .port_info 1 /INPUT 1 "rst_n";
    .port_info 2 /INPUT 1 "serial_in";
    .port_info 3 /INPUT 1 "data_valid_in";
    .port_info 4 /OUTPUT 8 "data_out";
    .port_info 5 /OUTPUT 1 "data_valid";
L_000001da1faabc10 .functor AND 1, L_000001da1fb9c230, L_000001da1fb9d3b0, C4<1>, C4<1>;
L_000001da1faabac0 .functor BUFZ 8, v000001da1fb41f60_0, C4<00000000>, C4<00000000>, C4<00000000>;
v000001da1fb414c0_0 .net *"_ivl_1", 0 0, L_000001da1fb9c230;  1 drivers
L_000001da1fb53a48 .functor BUFT 1, C4<111>, C4<0>, C4<0>, C4<0>;
v000001da1fb421e0_0 .net/2u *"_ivl_2", 2 0, L_000001da1fb53a48;  1 drivers
v000001da1fb416a0_0 .net *"_ivl_4", 0 0, L_000001da1fb9d3b0;  1 drivers
v000001da1fb430e0_0 .var "bit_counter", 2 0;
v000001da1fb42a00_0 .net "clk_in", 0 0, v000001da1fb52b50_0;  alias, 1 drivers
v000001da1fb43a40_0 .net "data_out", 7 0, L_000001da1faabac0;  alias, 1 drivers
v000001da1fb43b80_0 .net "data_valid", 0 0, L_000001da1faabc10;  alias, 1 drivers
v000001da1fb41920_0 .net "data_valid_in", 0 0, L_000001da1fb9d1d0;  alias, 1 drivers
v000001da1fb41ba0_0 .var "receiving", 0 0;
v000001da1fb417e0_0 .net "rst_n", 0 0, v000001da1fb52e70_0;  alias, 1 drivers
v000001da1fb43c20_0 .net "serial_in", 0 0, L_000001da1faab740;  alias, 1 drivers
v000001da1fb41f60_0 .var "shift_reg", 7 0;
L_000001da1fb9c230 .reduce/nor v000001da1fb41ba0_0;
L_000001da1fb9d3b0 .cmp/eq 3, v000001da1fb430e0_0, L_000001da1fb53a48;
S_000001da1fb47270 .scope module, "u_serializer" "Serializer" 18 149, 17 1 0, S_000001da1fb34ac0;
 .timescale -9 -12;
    .port_info 0 /INPUT 1 "clk_in";
    .port_info 1 /INPUT 1 "rst_n";
    .port_info 2 /INPUT 8 "data_in";
    .port_info 3 /INPUT 1 "data_valid";
    .port_info 4 /OUTPUT 1 "serial_out";
    .port_info 5 /OUTPUT 1 "data_valid_out";
    .port_info 6 /OUTPUT 1 "done";
L_000001da1faabba0 .functor BUFZ 1, v000001da1fb42c80_0, C4<0>, C4<0>, C4<0>;
L_000001da1faabcf0 .functor AND 1, L_000001da1fb9cd70, v000001da1fb41740_0, C4<1>, C4<1>;
v000001da1fb439a0_0 .net *"_ivl_3", 0 0, L_000001da1fb9cd70;  1 drivers
v000001da1fb42e60_0 .net *"_ivl_7", 0 0, L_000001da1fb9c370;  1 drivers
L_000001da1fb53a90 .functor BUFT 1, C4<0>, C4<0>, C4<0>, C4<0>;
v000001da1fb43400_0 .net/2u *"_ivl_8", 0 0, L_000001da1fb53a90;  1 drivers
v000001da1fb43360_0 .var "bit_counter", 2 0;
v000001da1fb426e0_0 .net "clk_in", 0 0, v000001da1fb52b50_0;  alias, 1 drivers
v000001da1fb42820_0 .net "data_in", 7 0, v000001da1fb41600_0;  1 drivers
v000001da1fb41c40_0 .net "data_valid", 0 0, v000001da1fb41740_0;  1 drivers
v000001da1fb42aa0_0 .net "data_valid_out", 0 0, L_000001da1faabba0;  alias, 1 drivers
v000001da1fb43680_0 .net "done", 0 0, L_000001da1faabcf0;  1 drivers
v000001da1fb42f00_0 .net "rst_n", 0 0, v000001da1fb52e70_0;  alias, 1 drivers
v000001da1fb43860_0 .net "serial_out", 0 0, L_000001da1fb9c550;  alias, 1 drivers
v000001da1fb42320_0 .var "shift_reg", 7 0;
v000001da1fb42c80_0 .var "transmitting", 0 0;
L_000001da1fb9cd70 .reduce/nor v000001da1fb42c80_0;
L_000001da1fb9c370 .part v000001da1fb42320_0, 7, 1;
L_000001da1fb9c550 .functor MUXZ 1, L_000001da1fb53a90, L_000001da1fb9c370, v000001da1fb42c80_0, C4<>;
S_000001da1fb46dc0 .scope module, "u_slave_split" "slave_split" 4 210, 19 36 0, S_000001da1f9eca40;
 .timescale -9 -12;
    .port_info 0 /INPUT 1 "clk";
    .port_info 1 /INPUT 1 "rst";
    .port_info 2 /INPUT 1 "cs_i";
    .port_info 3 /INPUT 1 "addr_data_i";
    .port_info 4 /INPUT 1 "valid_i";
    .port_info 5 /INPUT 1 "mready_i";
    .port_info 6 /OUTPUT 1 "rdata_o_ser";
    .port_info 7 /OUTPUT 1 "rvalid_o";
    .port_info 8 /OUTPUT 1 "split_o";
    .port_info 9 /OUTPUT 1 "resume_o";
P_000001da1f9d7e50 .param/l "ADDR_W" 0 19 37, +C4<00000000000000000000000000001100>;
P_000001da1f9d7e88 .param/l "DATA_W" 0 19 38, +C4<00000000000000000000000000001000>;
P_000001da1f9d7ec0 .param/l "IDLE" 1 19 85, C4<00>;
P_000001da1f9d7ef8 .param/l "RESUME" 1 19 87, C4<10>;
P_000001da1f9d7f30 .param/l "RW" 0 19 39, +C4<00000000000000000000000000000001>;
P_000001da1f9d7f68 .param/l "WAIT" 1 19 86, C4<01>;
P_000001da1f9d7fa0 .param/l "WAIT_CYCLES" 0 19 40, +C4<00000000000000000000000000001010>;
P_000001da1f9d7fd8 .param/l "WAIT_LOW" 1 19 88, C4<11>;
v000001da1fb44620_0 .net "addr_c", 14 0, v000001da1fb44ee0_0;  1 drivers
v000001da1fb44800_0 .net "addr_data_i", 0 0, L_000001da1fb9ca50;  alias, 1 drivers
v000001da1fb448a0_0 .var "addr_latch", 3 0;
v000001da1fb44940_0 .net "clk", 0 0, v000001da1fb52b50_0;  alias, 1 drivers
v000001da1fb44c60_0 .net "cs_i", 0 0, L_000001da1faaa2b0;  1 drivers
v000001da1fb44e40_0 .net "frame_done", 0 0, v000001da1fb44d00_0;  1 drivers
v000001da1fb45020 .array "mem", 15 0, 7 0;
v000001da1fb4fa90_0 .net "mready_i", 0 0, L_000001da1fb9d630;  alias, 1 drivers
v000001da1fb514d0_0 .net "rdata_o_ser", 0 0, L_000001da1fb9d4f0;  alias, 1 drivers
v000001da1fb4f810_0 .var "rdata_reg", 7 0;
v000001da1fb50990_0 .var "resume_o", 0 0;
v000001da1fb51570_0 .net "rst", 0 0, v000001da1fb52e70_0;  alias, 1 drivers
v000001da1fb4f4f0_0 .net "rvalid_o", 0 0, L_000001da1faab2e0;  alias, 1 drivers
v000001da1fb50850_0 .var "ser_trigger", 0 0;
v000001da1fb519d0_0 .var "split_o", 0 0;
v000001da1fb50350_0 .var "state", 1 0;
v000001da1fb503f0_0 .net "valid_i", 0 0, L_000001da1fb9c2d0;  alias, 1 drivers
v000001da1fb51250_0 .var "wait_cnt", 3 0;
v000001da1fb51c50_0 .net "wdata_c", 7 0, v000001da1fb43cc0_0;  1 drivers
v000001da1fb51a70_0 .net "we_c", 0 0, v000001da1fb43d60_0;  1 drivers
S_000001da1fb46f50 .scope module, "u_deserializer" "addr_data_deserializer" 19 72, 16 7 0, S_000001da1fb46dc0;
 .timescale -9 -12;
    .port_info 0 /INPUT 1 "clk";
    .port_info 1 /INPUT 1 "rst";
    .port_info 2 /INPUT 1 "cs_i";
    .port_info 3 /INPUT 1 "addr_data_i";
    .port_info 4 /INPUT 1 "valid_i";
    .port_info 5 /OUTPUT 1 "we_o";
    .port_info 6 /OUTPUT 15 "addr_o";
    .port_info 7 /OUTPUT 8 "wdata_o";
    .port_info 8 /OUTPUT 1 "frame_done";
P_000001da1f9d8020 .param/l "ADDR_W" 0 16 8, +C4<00000000000000000000000000001111>;
P_000001da1f9d8058 .param/l "DATA_W" 0 16 10, +C4<00000000000000000000000000001000>;
P_000001da1f9d8090 .param/l "FRAME_W" 0 16 11, +C4<0000000000000000000000000000011000>;
P_000001da1f9d80c8 .param/l "RW" 0 16 9, +C4<00000000000000000000000000000001>;
L_000001da1faab270 .functor AND 1, L_000001da1faaa2b0, L_000001da1fb9c2d0, C4<1>, C4<1>;
v000001da1fb45160_0 .net *"_ivl_1", 22 0, L_000001da1fb9c4b0;  1 drivers
v000001da1fb43fe0_0 .net "addr_data_i", 0 0, L_000001da1fb9ca50;  alias, 1 drivers
v000001da1fb44ee0_0 .var "addr_o", 14 0;
v000001da1fb44da0_0 .var "bit_count", 5 0;
v000001da1fb44bc0_0 .var "capturing", 0 0;
v000001da1fb45340_0 .net "clk", 0 0, v000001da1fb52b50_0;  alias, 1 drivers
v000001da1fb44760_0 .net "cs_i", 0 0, L_000001da1faaa2b0;  alias, 1 drivers
v000001da1fb44d00_0 .var "frame_done", 0 0;
v000001da1fb441c0_0 .net "rst", 0 0, v000001da1fb52e70_0;  alias, 1 drivers
v000001da1fb450c0_0 .net "sel", 0 0, L_000001da1faab270;  1 drivers
v000001da1fb44260_0 .net "shift_next", 23 0, L_000001da1fb9d590;  1 drivers
v000001da1fb45200_0 .var "shift_reg", 23 0;
v000001da1fb44a80_0 .net "valid_i", 0 0, L_000001da1fb9c2d0;  alias, 1 drivers
v000001da1fb43cc0_0 .var "wdata_o", 7 0;
v000001da1fb43d60_0 .var "we_o", 0 0;
L_000001da1fb9c4b0 .part v000001da1fb45200_0, 0, 23;
L_000001da1fb9d590 .concat [ 1 23 0 0], L_000001da1fb9ca50, L_000001da1fb9c4b0;
S_000001da1fb45e20 .scope module, "u_serializer" "Serializer" 19 164, 17 1 0, S_000001da1fb46dc0;
 .timescale -9 -12;
    .port_info 0 /INPUT 1 "clk_in";
    .port_info 1 /INPUT 1 "rst_n";
    .port_info 2 /INPUT 8 "data_in";
    .port_info 3 /INPUT 1 "data_valid";
    .port_info 4 /OUTPUT 1 "serial_out";
    .port_info 5 /OUTPUT 1 "data_valid_out";
    .port_info 6 /OUTPUT 1 "done";
L_000001da1faab2e0 .functor BUFZ 1, v000001da1fb44580_0, C4<0>, C4<0>, C4<0>;
L_000001da1faab350 .functor AND 1, L_000001da1fb9cc30, v000001da1fb50850_0, C4<1>, C4<1>;
v000001da1fb449e0_0 .net *"_ivl_3", 0 0, L_000001da1fb9cc30;  1 drivers
v000001da1fb43f40_0 .net *"_ivl_7", 0 0, L_000001da1fb9d6d0;  1 drivers
L_000001da1fb539b8 .functor BUFT 1, C4<0>, C4<0>, C4<0>, C4<0>;
v000001da1fb43e00_0 .net/2u *"_ivl_8", 0 0, L_000001da1fb539b8;  1 drivers
v000001da1fb43ea0_0 .var "bit_counter", 2 0;
v000001da1fb44440_0 .net "clk_in", 0 0, v000001da1fb52b50_0;  alias, 1 drivers
v000001da1fb44080_0 .net "data_in", 7 0, v000001da1fb4f810_0;  1 drivers
v000001da1fb446c0_0 .net "data_valid", 0 0, v000001da1fb50850_0;  1 drivers
v000001da1fb44b20_0 .net "data_valid_out", 0 0, L_000001da1faab2e0;  alias, 1 drivers
v000001da1fb44120_0 .net "done", 0 0, L_000001da1faab350;  1 drivers
v000001da1fb44300_0 .net "rst_n", 0 0, v000001da1fb52e70_0;  alias, 1 drivers
v000001da1fb443a0_0 .net "serial_out", 0 0, L_000001da1fb9d4f0;  alias, 1 drivers
v000001da1fb444e0_0 .var "shift_reg", 7 0;
v000001da1fb44580_0 .var "transmitting", 0 0;
L_000001da1fb9cc30 .reduce/nor v000001da1fb44580_0;
L_000001da1fb9d6d0 .part v000001da1fb444e0_0, 7, 1;
L_000001da1fb9d4f0 .functor MUXZ 1, L_000001da1fb539b8, L_000001da1fb9d6d0, v000001da1fb44580_0, C4<>;
    .scope S_000001da1f99bff0;
T_1 ;
    %wait E_000001da1fa92c10;
    %load/vec4 v000001da1fac9bf0_0;
    %nor/r;
    %flag_set/vec4 8;
    %jmp/0xz  T_1.0, 8;
    %pushi/vec4 0, 0, 24;
    %assign/vec4 v000001da1faa40b0_0, 0;
    %pushi/vec4 0, 0, 5;
    %assign/vec4 v000001da1fac8bb0_0, 0;
    %pushi/vec4 0, 0, 1;
    %assign/vec4 v000001da1faa4dd0_0, 0;
    %jmp T_1.1;
T_1.0 ;
    %load/vec4 v000001da1faa4150_0;
    %flag_set/vec4 8;
    %jmp/0xz  T_1.2, 8;
    %load/vec4 v000001da1fac98d0_0;
    %parti/s 23, 0, 2;
    %concati/vec4 0, 0, 1;
    %assign/vec4 v000001da1faa40b0_0, 0;
    %pushi/vec4 0, 0, 5;
    %assign/vec4 v000001da1fac8bb0_0, 0;
    %pushi/vec4 1, 0, 1;
    %assign/vec4 v000001da1faa4dd0_0, 0;
    %jmp T_1.3;
T_1.2 ;
    %load/vec4 v000001da1faa4dd0_0;
    %flag_set/vec4 8;
    %jmp/0xz  T_1.4, 8;
    %load/vec4 v000001da1fac8bb0_0;
    %pad/u 34;
    %cmpi/u 22, 0, 34;
    %jmp/0xz  T_1.6, 5;
    %load/vec4 v000001da1fac8bb0_0;
    %addi 1, 0, 5;
    %assign/vec4 v000001da1fac8bb0_0, 0;
    %load/vec4 v000001da1faa40b0_0;
    %parti/s 23, 0, 2;
    %concati/vec4 0, 0, 1;
    %assign/vec4 v000001da1faa40b0_0, 0;
    %jmp T_1.7;
T_1.6 ;
    %pushi/vec4 0, 0, 1;
    %assign/vec4 v000001da1faa4dd0_0, 0;
T_1.7 ;
T_1.4 ;
T_1.3 ;
T_1.1 ;
    %jmp T_1;
    .thread T_1;
    .scope S_000001da1f9815f0;
T_2 ;
    %wait E_000001da1fa92c10;
    %load/vec4 v000001da1faa5910_0;
    %nor/r;
    %flag_set/vec4 8;
    %jmp/0xz  T_2.0, 8;
    %pushi/vec4 0, 0, 3;
    %assign/vec4 v000001da1faa4470_0, 0;
    %pushi/vec4 0, 0, 8;
    %assign/vec4 v000001da1faa52d0_0, 0;
    %pushi/vec4 0, 0, 1;
    %assign/vec4 v000001da1faa50f0_0, 0;
    %jmp T_2.1;
T_2.0 ;
    %load/vec4 v000001da1faa4f10_0;
    %load/vec4 v000001da1faa50f0_0;
    %nor/r;
    %and;
    %flag_set/vec4 8;
    %jmp/0xz  T_2.2, 8;
    %pushi/vec4 1, 0, 1;
    %assign/vec4 v000001da1faa50f0_0, 0;
    %pushi/vec4 0, 0, 3;
    %assign/vec4 v000001da1faa4470_0, 0;
    %jmp T_2.3;
T_2.2 ;
    %load/vec4 v000001da1faa50f0_0;
    %flag_set/vec4 8;
    %jmp/0xz  T_2.4, 8;
    %load/vec4 v000001da1faa4470_0;
    %cmpi/u 7, 0, 3;
    %jmp/0xz  T_2.6, 5;
    %load/vec4 v000001da1faa52d0_0;
    %parti/s 7, 0, 2;
    %load/vec4 v000001da1faa4c90_0;
    %concat/vec4; draw_concat_vec4
    %assign/vec4 v000001da1faa52d0_0, 0;
    %load/vec4 v000001da1faa4470_0;
    %addi 1, 0, 3;
    %assign/vec4 v000001da1faa4470_0, 0;
    %jmp T_2.7;
T_2.6 ;
    %pushi/vec4 0, 0, 1;
    %assign/vec4 v000001da1faa50f0_0, 0;
T_2.7 ;
T_2.4 ;
T_2.3 ;
T_2.1 ;
    %jmp T_2;
    .thread T_2;
    .scope S_000001da1f99be60;
T_3 ;
    %wait E_000001da1fa92c10;
    %load/vec4 v000001da1fa7d2c0_0;
    %nor/r;
    %flag_set/vec4 8;
    %jmp/0xz  T_3.0, 8;
    %pushi/vec4 0, 0, 3;
    %assign/vec4 v000001da1fb1c460_0, 0;
    %pushi/vec4 0, 0, 32;
    %assign/vec4 v000001da1f9f0dd0_0, 0;
    %pushi/vec4 0, 0, 32;
    %assign/vec4 v000001da1fb1bc40_0, 0;
    %pushi/vec4 0, 0, 1;
    %assign/vec4 v000001da1fa7d040_0, 0;
    %pushi/vec4 0, 0, 1;
    %assign/vec4 v000001da1fb1b920_0, 0;
    %pushi/vec4 0, 0, 1;
    %assign/vec4 v000001da1fb1c0a0_0, 0;
    %pushi/vec4 0, 0, 3;
    %assign/vec4 v000001da1fb1cf00_0, 0;
    %pushi/vec4 0, 0, 32;
    %store/vec4 v000001da1fa7c6e0_0, 0, 32;
T_3.2 ;
    %load/vec4 v000001da1fa7c6e0_0;
    %cmpi/s 8, 0, 32;
    %jmp/0xz T_3.3, 5;
    %pushi/vec4 0, 0, 15;
    %ix/getv/s 3, v000001da1fa7c6e0_0;
    %ix/load 4, 0, 0; Constant delay
    %assign/vec4/a/d v000001da1f9f08d0, 0, 4;
    %pushi/vec4 0, 0, 8;
    %ix/getv/s 3, v000001da1fa7c6e0_0;
    %ix/load 4, 0, 0; Constant delay
    %assign/vec4/a/d v000001da1fb1cfa0, 0, 4;
    %pushi/vec4 0, 0, 1;
    %ix/getv/s 3, v000001da1fa7c6e0_0;
    %ix/load 4, 0, 0; Constant delay
    %assign/vec4/a/d v000001da1fb1d2c0, 0, 4;
    %pushi/vec4 0, 0, 8;
    %ix/getv/s 3, v000001da1fa7c6e0_0;
    %ix/load 4, 0, 0; Constant delay
    %assign/vec4/a/d v000001da1fa7c820, 0, 4;
    %load/vec4 v000001da1fa7c6e0_0;
    %addi 1, 0, 32;
    %store/vec4 v000001da1fa7c6e0_0, 0, 32;
    %jmp T_3.2;
T_3.3 ;
    %pushi/vec4 16385, 0, 15;
    %ix/load 3, 0, 0;
    %flag_set/imm 4, 0;
    %ix/load 4, 0, 0; Constant delay
    %assign/vec4/a/d v000001da1f9f08d0, 0, 4;
    %pushi/vec4 17, 0, 8;
    %ix/load 3, 0, 0;
    %flag_set/imm 4, 0;
    %ix/load 4, 0, 0; Constant delay
    %assign/vec4/a/d v000001da1fb1cfa0, 0, 4;
    %pushi/vec4 1, 0, 1;
    %ix/load 3, 0, 0;
    %flag_set/imm 4, 0;
    %ix/load 4, 0, 0; Constant delay
    %assign/vec4/a/d v000001da1fb1d2c0, 0, 4;
    %pushi/vec4 16385, 0, 15;
    %ix/load 3, 1, 0;
    %flag_set/imm 4, 0;
    %ix/load 4, 0, 0; Constant delay
    %assign/vec4/a/d v000001da1f9f08d0, 0, 4;
    %pushi/vec4 0, 0, 8;
    %ix/load 3, 1, 0;
    %flag_set/imm 4, 0;
    %ix/load 4, 0, 0; Constant delay
    %assign/vec4/a/d v000001da1fb1cfa0, 0, 4;
    %pushi/vec4 0, 0, 1;
    %ix/load 3, 1, 0;
    %flag_set/imm 4, 0;
    %ix/load 4, 0, 0; Constant delay
    %assign/vec4/a/d v000001da1fb1d2c0, 0, 4;
    %pushi/vec4 20485, 0, 15;
    %ix/load 3, 2, 0;
    %flag_set/imm 4, 0;
    %ix/load 4, 0, 0; Constant delay
    %assign/vec4/a/d v000001da1f9f08d0, 0, 4;
    %pushi/vec4 34, 0, 8;
    %ix/load 3, 2, 0;
    %flag_set/imm 4, 0;
    %ix/load 4, 0, 0; Constant delay
    %assign/vec4/a/d v000001da1fb1cfa0, 0, 4;
    %pushi/vec4 1, 0, 1;
    %ix/load 3, 2, 0;
    %flag_set/imm 4, 0;
    %ix/load 4, 0, 0; Constant delay
    %assign/vec4/a/d v000001da1fb1d2c0, 0, 4;
    %pushi/vec4 20485, 0, 15;
    %ix/load 3, 3, 0;
    %flag_set/imm 4, 0;
    %ix/load 4, 0, 0; Constant delay
    %assign/vec4/a/d v000001da1f9f08d0, 0, 4;
    %pushi/vec4 0, 0, 8;
    %ix/load 3, 3, 0;
    %flag_set/imm 4, 0;
    %ix/load 4, 0, 0; Constant delay
    %assign/vec4/a/d v000001da1fb1cfa0, 0, 4;
    %pushi/vec4 0, 0, 1;
    %ix/load 3, 3, 0;
    %flag_set/imm 4, 0;
    %ix/load 4, 0, 0; Constant delay
    %assign/vec4/a/d v000001da1fb1d2c0, 0, 4;
    %pushi/vec4 16385, 0, 15;
    %ix/load 3, 4, 0;
    %flag_set/imm 4, 0;
    %ix/load 4, 0, 0; Constant delay
    %assign/vec4/a/d v000001da1f9f08d0, 0, 4;
    %pushi/vec4 51, 0, 8;
    %ix/load 3, 4, 0;
    %flag_set/imm 4, 0;
    %ix/load 4, 0, 0; Constant delay
    %assign/vec4/a/d v000001da1fb1cfa0, 0, 4;
    %pushi/vec4 1, 0, 1;
    %ix/load 3, 4, 0;
    %flag_set/imm 4, 0;
    %ix/load 4, 0, 0; Constant delay
    %assign/vec4/a/d v000001da1fb1d2c0, 0, 4;
    %pushi/vec4 20481, 0, 15;
    %ix/load 3, 5, 0;
    %flag_set/imm 4, 0;
    %ix/load 4, 0, 0; Constant delay
    %assign/vec4/a/d v000001da1f9f08d0, 0, 4;
    %pushi/vec4 0, 0, 8;
    %ix/load 3, 5, 0;
    %flag_set/imm 4, 0;
    %ix/load 4, 0, 0; Constant delay
    %assign/vec4/a/d v000001da1fb1cfa0, 0, 4;
    %pushi/vec4 0, 0, 1;
    %ix/load 3, 5, 0;
    %flag_set/imm 4, 0;
    %ix/load 4, 0, 0; Constant delay
    %assign/vec4/a/d v000001da1fb1d2c0, 0, 4;
    %pushi/vec4 20488, 0, 15;
    %ix/load 3, 6, 0;
    %flag_set/imm 4, 0;
    %ix/load 4, 0, 0; Constant delay
    %assign/vec4/a/d v000001da1f9f08d0, 0, 4;
    %pushi/vec4 68, 0, 8;
    %ix/load 3, 6, 0;
    %flag_set/imm 4, 0;
    %ix/load 4, 0, 0; Constant delay
    %assign/vec4/a/d v000001da1fb1cfa0, 0, 4;
    %pushi/vec4 1, 0, 1;
    %ix/load 3, 6, 0;
    %flag_set/imm 4, 0;
    %ix/load 4, 0, 0; Constant delay
    %assign/vec4/a/d v000001da1fb1d2c0, 0, 4;
    %pushi/vec4 20488, 0, 15;
    %ix/load 3, 7, 0;
    %flag_set/imm 4, 0;
    %ix/load 4, 0, 0; Constant delay
    %assign/vec4/a/d v000001da1f9f08d0, 0, 4;
    %pushi/vec4 0, 0, 8;
    %ix/load 3, 7, 0;
    %flag_set/imm 4, 0;
    %ix/load 4, 0, 0; Constant delay
    %assign/vec4/a/d v000001da1fb1cfa0, 0, 4;
    %pushi/vec4 0, 0, 1;
    %ix/load 3, 7, 0;
    %flag_set/imm 4, 0;
    %ix/load 4, 0, 0; Constant delay
    %assign/vec4/a/d v000001da1fb1d2c0, 0, 4;
    %jmp T_3.1;
T_3.0 ;
    %pushi/vec4 0, 0, 1;
    %assign/vec4 v000001da1fb1b920_0, 0;
    %load/vec4 v000001da1fb1b560_0;
    %assign/vec4 v000001da1fb1c0a0_0, 0;
    %load/vec4 v000001da1fb1c460_0;
    %dup/vec4;
    %pushi/vec4 0, 0, 3;
    %cmp/u;
    %jmp/1 T_3.4, 6;
    %dup/vec4;
    %pushi/vec4 1, 0, 3;
    %cmp/u;
    %jmp/1 T_3.5, 6;
    %dup/vec4;
    %pushi/vec4 2, 0, 3;
    %cmp/u;
    %jmp/1 T_3.6, 6;
    %dup/vec4;
    %pushi/vec4 3, 0, 3;
    %cmp/u;
    %jmp/1 T_3.7, 6;
    %dup/vec4;
    %pushi/vec4 4, 0, 3;
    %cmp/u;
    %jmp/1 T_3.8, 6;
    %pushi/vec4 1, 0, 3;
    %assign/vec4 v000001da1fb1c460_0, 0;
    %jmp T_3.10;
T_3.4 ;
    %load/vec4 v000001da1f9f0dd0_0;
    %cmpi/u 0, 0, 32;
    %flag_inv 5; GE is !LT
    %jmp/0xz  T_3.11, 5;
    %pushi/vec4 1, 0, 3;
    %assign/vec4 v000001da1fb1c460_0, 0;
    %pushi/vec4 0, 0, 32;
    %assign/vec4 v000001da1f9f0dd0_0, 0;
    %jmp T_3.12;
T_3.11 ;
    %load/vec4 v000001da1f9f0dd0_0;
    %addi 1, 0, 32;
    %assign/vec4 v000001da1f9f0dd0_0, 0;
T_3.12 ;
    %jmp T_3.10;
T_3.5 ;
    %load/vec4 v000001da1fb1cf00_0;
    %pad/u 32;
    %cmpi/u 8, 0, 32;
    %jmp/0xz  T_3.13, 5;
    %pushi/vec4 1, 0, 1;
    %assign/vec4 v000001da1fa7d040_0, 0;
    %pushi/vec4 2, 0, 3;
    %assign/vec4 v000001da1fb1c460_0, 0;
    %jmp T_3.14;
T_3.13 ;
    %pushi/vec4 0, 0, 1;
    %assign/vec4 v000001da1fa7d040_0, 0;
T_3.14 ;
    %jmp T_3.10;
T_3.6 ;
    %load/vec4 v000001da1fa7d860_0;
    %flag_set/vec4 8;
    %jmp/0xz  T_3.15, 8;
    %pushi/vec4 1, 0, 1;
    %assign/vec4 v000001da1fb1b920_0, 0;
    %pushi/vec4 0, 0, 32;
    %assign/vec4 v000001da1fb1bc40_0, 0;
    %pushi/vec4 3, 0, 3;
    %assign/vec4 v000001da1fb1c460_0, 0;
T_3.15 ;
    %jmp T_3.10;
T_3.7 ;
    %load/vec4 v000001da1fb1cf00_0;
    %pad/u 5;
    %ix/vec4 4;
    %load/vec4a v000001da1fb1d2c0, 4;
    %flag_set/vec4 8;
    %jmp/0xz  T_3.17, 8;
    %load/vec4 v000001da1fb1bc40_0;
    %cmpi/u 26, 0, 32;
    %flag_inv 5; GE is !LT
    %jmp/0xz  T_3.19, 5;
    %load/vec4 v000001da1fb1cf00_0;
    %addi 1, 0, 3;
    %assign/vec4 v000001da1fb1cf00_0, 0;
    %pushi/vec4 0, 0, 1;
    %assign/vec4 v000001da1fa7d040_0, 0;
    %pushi/vec4 0, 0, 32;
    %assign/vec4 v000001da1fb1bc40_0, 0;
    %pushi/vec4 0, 0, 3;
    %assign/vec4 v000001da1fb1c460_0, 0;
    %jmp T_3.20;
T_3.19 ;
    %load/vec4 v000001da1fb1bc40_0;
    %addi 1, 0, 32;
    %assign/vec4 v000001da1fb1bc40_0, 0;
T_3.20 ;
    %jmp T_3.18;
T_3.17 ;
    %load/vec4 v000001da1fb1b600_0;
    %flag_set/vec4 8;
    %jmp/0xz  T_3.21, 8;
    %load/vec4 v000001da1fa7caa0_0;
    %load/vec4 v000001da1fb1cf00_0;
    %pad/u 5;
    %ix/vec4 3;
    %ix/load 4, 0, 0; Constant delay
    %assign/vec4/a/d v000001da1fa7c820, 0, 4;
    %load/vec4 v000001da1fb1cf00_0;
    %addi 1, 0, 3;
    %assign/vec4 v000001da1fb1cf00_0, 0;
    %pushi/vec4 0, 0, 1;
    %assign/vec4 v000001da1fa7d040_0, 0;
    %pushi/vec4 0, 0, 32;
    %assign/vec4 v000001da1fb1bc40_0, 0;
    %pushi/vec4 0, 0, 3;
    %assign/vec4 v000001da1fb1c460_0, 0;
    %jmp T_3.22;
T_3.21 ;
    %load/vec4 v000001da1fb1bc40_0;
    %cmpi/u 40, 0, 32;
    %flag_inv 5; GE is !LT
    %jmp/0xz  T_3.23, 5;
    %pushi/vec4 0, 0, 1;
    %assign/vec4 v000001da1fa7d040_0, 0;
    %pushi/vec4 0, 0, 32;
    %assign/vec4 v000001da1fb1bc40_0, 0;
    %pushi/vec4 0, 0, 32;
    %assign/vec4 v000001da1f9f0dd0_0, 0;
    %pushi/vec4 4, 0, 3;
    %assign/vec4 v000001da1fb1c460_0, 0;
    %jmp T_3.24;
T_3.23 ;
    %load/vec4 v000001da1fb1bc40_0;
    %addi 1, 0, 32;
    %assign/vec4 v000001da1fb1bc40_0, 0;
T_3.24 ;
T_3.22 ;
T_3.18 ;
    %jmp T_3.10;
T_3.8 ;
    %load/vec4 v000001da1f9f0dd0_0;
    %cmpi/u 5, 0, 32;
    %flag_inv 5; GE is !LT
    %jmp/0xz  T_3.25, 5;
    %pushi/vec4 0, 0, 32;
    %assign/vec4 v000001da1f9f0dd0_0, 0;
    %pushi/vec4 0, 0, 3;
    %assign/vec4 v000001da1fb1c460_0, 0;
    %jmp T_3.26;
T_3.25 ;
    %load/vec4 v000001da1f9f0dd0_0;
    %addi 1, 0, 32;
    %assign/vec4 v000001da1f9f0dd0_0, 0;
T_3.26 ;
    %jmp T_3.10;
T_3.10 ;
    %pop/vec4 1;
T_3.1 ;
    %jmp T_3;
    .thread T_3;
    .scope S_000001da1f95b890;
T_4 ;
    %wait E_000001da1fa92c10;
    %load/vec4 v000001da1fb1b4c0_0;
    %nor/r;
    %flag_set/vec4 8;
    %jmp/0xz  T_4.0, 8;
    %pushi/vec4 0, 0, 24;
    %assign/vec4 v000001da1fb1c000_0, 0;
    %pushi/vec4 0, 0, 5;
    %assign/vec4 v000001da1fb1bba0_0, 0;
    %pushi/vec4 0, 0, 1;
    %assign/vec4 v000001da1fb1bb00_0, 0;
    %jmp T_4.1;
T_4.0 ;
    %load/vec4 v000001da1fb1bd80_0;
    %flag_set/vec4 8;
    %jmp/0xz  T_4.2, 8;
    %load/vec4 v000001da1fb1bec0_0;
    %parti/s 23, 0, 2;
    %concati/vec4 0, 0, 1;
    %assign/vec4 v000001da1fb1c000_0, 0;
    %pushi/vec4 0, 0, 5;
    %assign/vec4 v000001da1fb1bba0_0, 0;
    %pushi/vec4 1, 0, 1;
    %assign/vec4 v000001da1fb1bb00_0, 0;
    %jmp T_4.3;
T_4.2 ;
    %load/vec4 v000001da1fb1bb00_0;
    %flag_set/vec4 8;
    %jmp/0xz  T_4.4, 8;
    %load/vec4 v000001da1fb1bba0_0;
    %pad/u 34;
    %cmpi/u 22, 0, 34;
    %jmp/0xz  T_4.6, 5;
    %load/vec4 v000001da1fb1bba0_0;
    %addi 1, 0, 5;
    %assign/vec4 v000001da1fb1bba0_0, 0;
    %load/vec4 v000001da1fb1c000_0;
    %parti/s 23, 0, 2;
    %concati/vec4 0, 0, 1;
    %assign/vec4 v000001da1fb1c000_0, 0;
    %jmp T_4.7;
T_4.6 ;
    %pushi/vec4 0, 0, 1;
    %assign/vec4 v000001da1fb1bb00_0, 0;
T_4.7 ;
T_4.4 ;
T_4.3 ;
T_4.1 ;
    %jmp T_4;
    .thread T_4;
    .scope S_000001da1f95ba20;
T_5 ;
    %wait E_000001da1fa92c10;
    %load/vec4 v000001da1fb1b6a0_0;
    %nor/r;
    %flag_set/vec4 8;
    %jmp/0xz  T_5.0, 8;
    %pushi/vec4 0, 0, 3;
    %assign/vec4 v000001da1fb1d0e0_0, 0;
    %pushi/vec4 0, 0, 8;
    %assign/vec4 v000001da1fb1b740_0, 0;
    %pushi/vec4 0, 0, 1;
    %assign/vec4 v000001da1fb1c3c0_0, 0;
    %jmp T_5.1;
T_5.0 ;
    %load/vec4 v000001da1fb1c1e0_0;
    %load/vec4 v000001da1fb1c3c0_0;
    %nor/r;
    %and;
    %flag_set/vec4 8;
    %jmp/0xz  T_5.2, 8;
    %pushi/vec4 1, 0, 1;
    %assign/vec4 v000001da1fb1c3c0_0, 0;
    %pushi/vec4 0, 0, 3;
    %assign/vec4 v000001da1fb1d0e0_0, 0;
    %jmp T_5.3;
T_5.2 ;
    %load/vec4 v000001da1fb1c3c0_0;
    %flag_set/vec4 8;
    %jmp/0xz  T_5.4, 8;
    %load/vec4 v000001da1fb1d0e0_0;
    %cmpi/u 7, 0, 3;
    %jmp/0xz  T_5.6, 5;
    %load/vec4 v000001da1fb1b740_0;
    %parti/s 7, 0, 2;
    %load/vec4 v000001da1fb1bce0_0;
    %concat/vec4; draw_concat_vec4
    %assign/vec4 v000001da1fb1b740_0, 0;
    %load/vec4 v000001da1fb1d0e0_0;
    %addi 1, 0, 3;
    %assign/vec4 v000001da1fb1d0e0_0, 0;
    %jmp T_5.7;
T_5.6 ;
    %pushi/vec4 0, 0, 1;
    %assign/vec4 v000001da1fb1c3c0_0, 0;
T_5.7 ;
T_5.4 ;
T_5.3 ;
T_5.1 ;
    %jmp T_5;
    .thread T_5;
    .scope S_000001da1f981890;
T_6 ;
    %wait E_000001da1fa92c10;
    %load/vec4 v000001da1fb1ebf0_0;
    %nor/r;
    %flag_set/vec4 8;
    %jmp/0xz  T_6.0, 8;
    %pushi/vec4 0, 0, 3;
    %assign/vec4 v000001da1fb1e970_0, 0;
    %pushi/vec4 0, 0, 32;
    %assign/vec4 v000001da1fb1cc80_0, 0;
    %pushi/vec4 0, 0, 32;
    %assign/vec4 v000001da1fb1ded0_0, 0;
    %pushi/vec4 0, 0, 1;
    %assign/vec4 v000001da1fb1ed30_0, 0;
    %pushi/vec4 0, 0, 1;
    %assign/vec4 v000001da1fb1efb0_0, 0;
    %pushi/vec4 0, 0, 1;
    %assign/vec4 v000001da1fb1d610_0, 0;
    %pushi/vec4 0, 0, 3;
    %assign/vec4 v000001da1fb1d890_0, 0;
    %pushi/vec4 0, 0, 32;
    %store/vec4 v000001da1fb1e510_0, 0, 32;
T_6.2 ;
    %load/vec4 v000001da1fb1e510_0;
    %cmpi/s 8, 0, 32;
    %jmp/0xz T_6.3, 5;
    %pushi/vec4 0, 0, 15;
    %ix/getv/s 3, v000001da1fb1e510_0;
    %ix/load 4, 0, 0; Constant delay
    %assign/vec4/a/d v000001da1fb1cbe0, 0, 4;
    %pushi/vec4 0, 0, 8;
    %ix/getv/s 3, v000001da1fb1e510_0;
    %ix/load 4, 0, 0; Constant delay
    %assign/vec4/a/d v000001da1fb1da70, 0, 4;
    %pushi/vec4 0, 0, 1;
    %ix/getv/s 3, v000001da1fb1e510_0;
    %ix/load 4, 0, 0; Constant delay
    %assign/vec4/a/d v000001da1fb1db10, 0, 4;
    %pushi/vec4 0, 0, 8;
    %ix/getv/s 3, v000001da1fb1e510_0;
    %ix/load 4, 0, 0; Constant delay
    %assign/vec4/a/d v000001da1fb1e650, 0, 4;
    %load/vec4 v000001da1fb1e510_0;
    %addi 1, 0, 32;
    %store/vec4 v000001da1fb1e510_0, 0, 32;
    %jmp T_6.2;
T_6.3 ;
    %pushi/vec4 16385, 0, 15;
    %ix/load 3, 0, 0;
    %flag_set/imm 4, 0;
    %ix/load 4, 0, 0; Constant delay
    %assign/vec4/a/d v000001da1fb1cbe0, 0, 4;
    %pushi/vec4 17, 0, 8;
    %ix/load 3, 0, 0;
    %flag_set/imm 4, 0;
    %ix/load 4, 0, 0; Constant delay
    %assign/vec4/a/d v000001da1fb1da70, 0, 4;
    %pushi/vec4 1, 0, 1;
    %ix/load 3, 0, 0;
    %flag_set/imm 4, 0;
    %ix/load 4, 0, 0; Constant delay
    %assign/vec4/a/d v000001da1fb1db10, 0, 4;
    %pushi/vec4 16385, 0, 15;
    %ix/load 3, 1, 0;
    %flag_set/imm 4, 0;
    %ix/load 4, 0, 0; Constant delay
    %assign/vec4/a/d v000001da1fb1cbe0, 0, 4;
    %pushi/vec4 0, 0, 8;
    %ix/load 3, 1, 0;
    %flag_set/imm 4, 0;
    %ix/load 4, 0, 0; Constant delay
    %assign/vec4/a/d v000001da1fb1da70, 0, 4;
    %pushi/vec4 0, 0, 1;
    %ix/load 3, 1, 0;
    %flag_set/imm 4, 0;
    %ix/load 4, 0, 0; Constant delay
    %assign/vec4/a/d v000001da1fb1db10, 0, 4;
    %pushi/vec4 20485, 0, 15;
    %ix/load 3, 2, 0;
    %flag_set/imm 4, 0;
    %ix/load 4, 0, 0; Constant delay
    %assign/vec4/a/d v000001da1fb1cbe0, 0, 4;
    %pushi/vec4 34, 0, 8;
    %ix/load 3, 2, 0;
    %flag_set/imm 4, 0;
    %ix/load 4, 0, 0; Constant delay
    %assign/vec4/a/d v000001da1fb1da70, 0, 4;
    %pushi/vec4 1, 0, 1;
    %ix/load 3, 2, 0;
    %flag_set/imm 4, 0;
    %ix/load 4, 0, 0; Constant delay
    %assign/vec4/a/d v000001da1fb1db10, 0, 4;
    %pushi/vec4 20485, 0, 15;
    %ix/load 3, 3, 0;
    %flag_set/imm 4, 0;
    %ix/load 4, 0, 0; Constant delay
    %assign/vec4/a/d v000001da1fb1cbe0, 0, 4;
    %pushi/vec4 0, 0, 8;
    %ix/load 3, 3, 0;
    %flag_set/imm 4, 0;
    %ix/load 4, 0, 0; Constant delay
    %assign/vec4/a/d v000001da1fb1da70, 0, 4;
    %pushi/vec4 0, 0, 1;
    %ix/load 3, 3, 0;
    %flag_set/imm 4, 0;
    %ix/load 4, 0, 0; Constant delay
    %assign/vec4/a/d v000001da1fb1db10, 0, 4;
    %pushi/vec4 16385, 0, 15;
    %ix/load 3, 4, 0;
    %flag_set/imm 4, 0;
    %ix/load 4, 0, 0; Constant delay
    %assign/vec4/a/d v000001da1fb1cbe0, 0, 4;
    %pushi/vec4 51, 0, 8;
    %ix/load 3, 4, 0;
    %flag_set/imm 4, 0;
    %ix/load 4, 0, 0; Constant delay
    %assign/vec4/a/d v000001da1fb1da70, 0, 4;
    %pushi/vec4 1, 0, 1;
    %ix/load 3, 4, 0;
    %flag_set/imm 4, 0;
    %ix/load 4, 0, 0; Constant delay
    %assign/vec4/a/d v000001da1fb1db10, 0, 4;
    %pushi/vec4 20481, 0, 15;
    %ix/load 3, 5, 0;
    %flag_set/imm 4, 0;
    %ix/load 4, 0, 0; Constant delay
    %assign/vec4/a/d v000001da1fb1cbe0, 0, 4;
    %pushi/vec4 0, 0, 8;
    %ix/load 3, 5, 0;
    %flag_set/imm 4, 0;
    %ix/load 4, 0, 0; Constant delay
    %assign/vec4/a/d v000001da1fb1da70, 0, 4;
    %pushi/vec4 0, 0, 1;
    %ix/load 3, 5, 0;
    %flag_set/imm 4, 0;
    %ix/load 4, 0, 0; Constant delay
    %assign/vec4/a/d v000001da1fb1db10, 0, 4;
    %pushi/vec4 20488, 0, 15;
    %ix/load 3, 6, 0;
    %flag_set/imm 4, 0;
    %ix/load 4, 0, 0; Constant delay
    %assign/vec4/a/d v000001da1fb1cbe0, 0, 4;
    %pushi/vec4 68, 0, 8;
    %ix/load 3, 6, 0;
    %flag_set/imm 4, 0;
    %ix/load 4, 0, 0; Constant delay
    %assign/vec4/a/d v000001da1fb1da70, 0, 4;
    %pushi/vec4 1, 0, 1;
    %ix/load 3, 6, 0;
    %flag_set/imm 4, 0;
    %ix/load 4, 0, 0; Constant delay
    %assign/vec4/a/d v000001da1fb1db10, 0, 4;
    %pushi/vec4 20488, 0, 15;
    %ix/load 3, 7, 0;
    %flag_set/imm 4, 0;
    %ix/load 4, 0, 0; Constant delay
    %assign/vec4/a/d v000001da1fb1cbe0, 0, 4;
    %pushi/vec4 0, 0, 8;
    %ix/load 3, 7, 0;
    %flag_set/imm 4, 0;
    %ix/load 4, 0, 0; Constant delay
    %assign/vec4/a/d v000001da1fb1da70, 0, 4;
    %pushi/vec4 0, 0, 1;
    %ix/load 3, 7, 0;
    %flag_set/imm 4, 0;
    %ix/load 4, 0, 0; Constant delay
    %assign/vec4/a/d v000001da1fb1db10, 0, 4;
    %jmp T_6.1;
T_6.0 ;
    %pushi/vec4 0, 0, 1;
    %assign/vec4 v000001da1fb1efb0_0, 0;
    %load/vec4 v000001da1fb1e290_0;
    %assign/vec4 v000001da1fb1d610_0, 0;
    %load/vec4 v000001da1fb1e970_0;
    %dup/vec4;
    %pushi/vec4 0, 0, 3;
    %cmp/u;
    %jmp/1 T_6.4, 6;
    %dup/vec4;
    %pushi/vec4 1, 0, 3;
    %cmp/u;
    %jmp/1 T_6.5, 6;
    %dup/vec4;
    %pushi/vec4 2, 0, 3;
    %cmp/u;
    %jmp/1 T_6.6, 6;
    %dup/vec4;
    %pushi/vec4 3, 0, 3;
    %cmp/u;
    %jmp/1 T_6.7, 6;
    %dup/vec4;
    %pushi/vec4 4, 0, 3;
    %cmp/u;
    %jmp/1 T_6.8, 6;
    %pushi/vec4 1, 0, 3;
    %assign/vec4 v000001da1fb1e970_0, 0;
    %jmp T_6.10;
T_6.4 ;
    %load/vec4 v000001da1fb1cc80_0;
    %cmpi/u 0, 0, 32;
    %flag_inv 5; GE is !LT
    %jmp/0xz  T_6.11, 5;
    %pushi/vec4 1, 0, 3;
    %assign/vec4 v000001da1fb1e970_0, 0;
    %pushi/vec4 0, 0, 32;
    %assign/vec4 v000001da1fb1cc80_0, 0;
    %jmp T_6.12;
T_6.11 ;
    %load/vec4 v000001da1fb1cc80_0;
    %addi 1, 0, 32;
    %assign/vec4 v000001da1fb1cc80_0, 0;
T_6.12 ;
    %jmp T_6.10;
T_6.5 ;
    %load/vec4 v000001da1fb1d890_0;
    %pad/u 32;
    %cmpi/u 8, 0, 32;
    %jmp/0xz  T_6.13, 5;
    %pushi/vec4 1, 0, 1;
    %assign/vec4 v000001da1fb1ed30_0, 0;
    %pushi/vec4 2, 0, 3;
    %assign/vec4 v000001da1fb1e970_0, 0;
    %jmp T_6.14;
T_6.13 ;
    %pushi/vec4 0, 0, 1;
    %assign/vec4 v000001da1fb1ed30_0, 0;
T_6.14 ;
    %jmp T_6.10;
T_6.6 ;
    %load/vec4 v000001da1fb1d570_0;
    %flag_set/vec4 8;
    %jmp/0xz  T_6.15, 8;
    %pushi/vec4 1, 0, 1;
    %assign/vec4 v000001da1fb1efb0_0, 0;
    %pushi/vec4 0, 0, 32;
    %assign/vec4 v000001da1fb1ded0_0, 0;
    %pushi/vec4 3, 0, 3;
    %assign/vec4 v000001da1fb1e970_0, 0;
T_6.15 ;
    %jmp T_6.10;
T_6.7 ;
    %load/vec4 v000001da1fb1d890_0;
    %pad/u 5;
    %ix/vec4 4;
    %load/vec4a v000001da1fb1db10, 4;
    %flag_set/vec4 8;
    %jmp/0xz  T_6.17, 8;
    %load/vec4 v000001da1fb1ded0_0;
    %cmpi/u 26, 0, 32;
    %flag_inv 5; GE is !LT
    %jmp/0xz  T_6.19, 5;
    %load/vec4 v000001da1fb1d890_0;
    %addi 1, 0, 3;
    %assign/vec4 v000001da1fb1d890_0, 0;
    %pushi/vec4 0, 0, 1;
    %assign/vec4 v000001da1fb1ed30_0, 0;
    %pushi/vec4 0, 0, 32;
    %assign/vec4 v000001da1fb1ded0_0, 0;
    %pushi/vec4 0, 0, 3;
    %assign/vec4 v000001da1fb1e970_0, 0;
    %jmp T_6.20;
T_6.19 ;
    %load/vec4 v000001da1fb1ded0_0;
    %addi 1, 0, 32;
    %assign/vec4 v000001da1fb1ded0_0, 0;
T_6.20 ;
    %jmp T_6.18;
T_6.17 ;
    %load/vec4 v000001da1fb1e010_0;
    %flag_set/vec4 8;
    %jmp/0xz  T_6.21, 8;
    %load/vec4 v000001da1fb1d9d0_0;
    %load/vec4 v000001da1fb1d890_0;
    %pad/u 5;
    %ix/vec4 3;
    %ix/load 4, 0, 0; Constant delay
    %assign/vec4/a/d v000001da1fb1e650, 0, 4;
    %load/vec4 v000001da1fb1d890_0;
    %addi 1, 0, 3;
    %assign/vec4 v000001da1fb1d890_0, 0;
    %pushi/vec4 0, 0, 1;
    %assign/vec4 v000001da1fb1ed30_0, 0;
    %pushi/vec4 0, 0, 32;
    %assign/vec4 v000001da1fb1ded0_0, 0;
    %pushi/vec4 0, 0, 3;
    %assign/vec4 v000001da1fb1e970_0, 0;
    %jmp T_6.22;
T_6.21 ;
    %load/vec4 v000001da1fb1ded0_0;
    %cmpi/u 40, 0, 32;
    %flag_inv 5; GE is !LT
    %jmp/0xz  T_6.23, 5;
    %pushi/vec4 0, 0, 1;
    %assign/vec4 v000001da1fb1ed30_0, 0;
    %pushi/vec4 0, 0, 32;
    %assign/vec4 v000001da1fb1ded0_0, 0;
    %pushi/vec4 0, 0, 32;
    %assign/vec4 v000001da1fb1cc80_0, 0;
    %pushi/vec4 4, 0, 3;
    %assign/vec4 v000001da1fb1e970_0, 0;
    %jmp T_6.24;
T_6.23 ;
    %load/vec4 v000001da1fb1ded0_0;
    %addi 1, 0, 32;
    %assign/vec4 v000001da1fb1ded0_0, 0;
T_6.24 ;
T_6.22 ;
T_6.18 ;
    %jmp T_6.10;
T_6.8 ;
    %load/vec4 v000001da1fb1cc80_0;
    %cmpi/u 5, 0, 32;
    %flag_inv 5; GE is !LT
    %jmp/0xz  T_6.25, 5;
    %pushi/vec4 0, 0, 32;
    %assign/vec4 v000001da1fb1cc80_0, 0;
    %pushi/vec4 0, 0, 3;
    %assign/vec4 v000001da1fb1e970_0, 0;
    %jmp T_6.26;
T_6.25 ;
    %load/vec4 v000001da1fb1cc80_0;
    %addi 1, 0, 32;
    %assign/vec4 v000001da1fb1cc80_0, 0;
T_6.26 ;
    %jmp T_6.10;
T_6.10 ;
    %pop/vec4 1;
T_6.1 ;
    %jmp T_6;
    .thread T_6;
    .scope S_000001da1f966740;
T_7 ;
    %wait E_000001da1fa92c10;
    %load/vec4 v000001da1fb1fc60_0;
    %nor/r;
    %flag_set/vec4 8;
    %jmp/0xz  T_7.0, 8;
    %pushi/vec4 0, 0, 2;
    %assign/vec4 v000001da1fb1f4e0_0, 0;
    %pushi/vec4 0, 0, 1;
    %assign/vec4 v000001da1fb21100_0, 0;
    %pushi/vec4 0, 0, 1;
    %assign/vec4 v000001da1fb1f6c0_0, 0;
    %pushi/vec4 0, 0, 1;
    %assign/vec4 v000001da1fb20480_0, 0;
    %pushi/vec4 0, 0, 1;
    %assign/vec4 v000001da1fb20660_0, 0;
    %pushi/vec4 0, 0, 1;
    %assign/vec4 v000001da1fb20f20_0, 0;
    %pushi/vec4 0, 0, 1;
    %assign/vec4 v000001da1fb1f440_0, 0;
    %pushi/vec4 0, 0, 1;
    %assign/vec4 v000001da1fb20fc0_0, 0;
    %pushi/vec4 0, 0, 1;
    %assign/vec4 v000001da1fb211a0_0, 0;
    %jmp T_7.1;
T_7.0 ;
    %load/vec4 v000001da1fb1f4e0_0;
    %dup/vec4;
    %pushi/vec4 0, 0, 2;
    %cmp/u;
    %jmp/1 T_7.2, 6;
    %dup/vec4;
    %pushi/vec4 1, 0, 2;
    %cmp/u;
    %jmp/1 T_7.3, 6;
    %dup/vec4;
    %pushi/vec4 2, 0, 2;
    %cmp/u;
    %jmp/1 T_7.4, 6;
    %dup/vec4;
    %pushi/vec4 3, 0, 2;
    %cmp/u;
    %jmp/1 T_7.5, 6;
    %pushi/vec4 0, 0, 2;
    %assign/vec4 v000001da1fb1f4e0_0, 0;
    %jmp T_7.7;
T_7.2 ;
    %load/vec4 v000001da1fb20340_0;
    %flag_set/vec4 8;
    %jmp/0xz  T_7.8, 8;
    %pushi/vec4 1, 0, 1;
    %assign/vec4 v000001da1fb21100_0, 0;
    %pushi/vec4 0, 0, 1;
    %assign/vec4 v000001da1fb1f440_0, 0;
    %pushi/vec4 0, 0, 1;
    %assign/vec4 v000001da1fb20480_0, 0;
    %pushi/vec4 0, 0, 1;
    %assign/vec4 v000001da1fb20660_0, 0;
    %pushi/vec4 0, 0, 1;
    %assign/vec4 v000001da1fb20f20_0, 0;
    %pushi/vec4 1, 0, 2;
    %assign/vec4 v000001da1fb1f4e0_0, 0;
    %jmp T_7.9;
T_7.8 ;
    %load/vec4 v000001da1fb20e80_0;
    %flag_set/vec4 8;
    %jmp/0xz  T_7.10, 8;
    %pushi/vec4 1, 0, 1;
    %assign/vec4 v000001da1fb1f6c0_0, 0;
    %pushi/vec4 1, 0, 1;
    %assign/vec4 v000001da1fb1f440_0, 0;
    %pushi/vec4 1, 0, 1;
    %assign/vec4 v000001da1fb20480_0, 0;
    %pushi/vec4 1, 0, 1;
    %assign/vec4 v000001da1fb20660_0, 0;
    %pushi/vec4 1, 0, 1;
    %assign/vec4 v000001da1fb20f20_0, 0;
    %pushi/vec4 1, 0, 2;
    %assign/vec4 v000001da1fb1f4e0_0, 0;
T_7.10 ;
T_7.9 ;
    %jmp T_7.7;
T_7.3 ;
    %load/vec4 v000001da1fb202a0_0;
    %flag_set/vec4 8;
    %jmp/0xz  T_7.12, 8;
    %load/vec4 v000001da1fb1f440_0;
    %assign/vec4 v000001da1fb20fc0_0, 0;
    %pushi/vec4 0, 0, 1;
    %assign/vec4 v000001da1fb21100_0, 0;
    %pushi/vec4 0, 0, 1;
    %assign/vec4 v000001da1fb1f6c0_0, 0;
    %pushi/vec4 0, 0, 1;
    %assign/vec4 v000001da1fb211a0_0, 0;
    %pushi/vec4 2, 0, 2;
    %assign/vec4 v000001da1fb1f4e0_0, 0;
    %jmp T_7.13;
T_7.12 ;
    %load/vec4 v000001da1fb1f440_0;
    %pushi/vec4 0, 0, 1;
    %cmp/e;
    %flag_get/vec4 4;
    %load/vec4 v000001da1fb20340_0;
    %nor/r;
    %and;
    %flag_set/vec4 8;
    %jmp/0xz  T_7.14, 8;
    %pushi/vec4 0, 0, 1;
    %assign/vec4 v000001da1fb21100_0, 0;
    %pushi/vec4 0, 0, 2;
    %assign/vec4 v000001da1fb1f4e0_0, 0;
    %jmp T_7.15;
T_7.14 ;
    %load/vec4 v000001da1fb1f440_0;
    %pushi/vec4 1, 0, 1;
    %cmp/e;
    %flag_get/vec4 4;
    %load/vec4 v000001da1fb20e80_0;
    %nor/r;
    %and;
    %flag_set/vec4 8;
    %jmp/0xz  T_7.16, 8;
    %pushi/vec4 0, 0, 1;
    %assign/vec4 v000001da1fb1f6c0_0, 0;
    %pushi/vec4 0, 0, 2;
    %assign/vec4 v000001da1fb1f4e0_0, 0;
T_7.16 ;
T_7.15 ;
T_7.13 ;
    %jmp T_7.7;
T_7.4 ;
    %load/vec4 v000001da1fb212e0_0;
    %flag_set/vec4 8;
    %jmp/0xz  T_7.18, 8;
    %load/vec4 v000001da1fb20fc0_0;
    %pushi/vec4 0, 0, 1;
    %cmp/e;
    %flag_get/vec4 4;
    %assign/vec4 v000001da1fb21100_0, 0;
    %load/vec4 v000001da1fb20fc0_0;
    %pushi/vec4 1, 0, 1;
    %cmp/e;
    %flag_get/vec4 4;
    %assign/vec4 v000001da1fb1f6c0_0, 0;
    %load/vec4 v000001da1fb20fc0_0;
    %assign/vec4 v000001da1fb1f440_0, 0;
    %load/vec4 v000001da1fb20fc0_0;
    %assign/vec4 v000001da1fb20480_0, 0;
    %load/vec4 v000001da1fb20fc0_0;
    %assign/vec4 v000001da1fb20660_0, 0;
    %load/vec4 v000001da1fb20fc0_0;
    %assign/vec4 v000001da1fb20f20_0, 0;
    %pushi/vec4 1, 0, 2;
    %assign/vec4 v000001da1fb1f4e0_0, 0;
    %jmp T_7.19;
T_7.18 ;
    %load/vec4 v000001da1fb20fc0_0;
    %pushi/vec4 0, 0, 1;
    %cmp/e;
    %flag_get/vec4 4;
    %load/vec4 v000001da1fb20e80_0;
    %and;
    %flag_set/vec4 8;
    %jmp/0xz  T_7.20, 8;
    %pushi/vec4 1, 0, 1;
    %assign/vec4 v000001da1fb1f6c0_0, 0;
    %pushi/vec4 1, 0, 1;
    %assign/vec4 v000001da1fb1f440_0, 0;
    %pushi/vec4 1, 0, 1;
    %assign/vec4 v000001da1fb20480_0, 0;
    %pushi/vec4 1, 0, 1;
    %assign/vec4 v000001da1fb20660_0, 0;
    %pushi/vec4 1, 0, 1;
    %assign/vec4 v000001da1fb20f20_0, 0;
    %pushi/vec4 3, 0, 2;
    %assign/vec4 v000001da1fb1f4e0_0, 0;
    %jmp T_7.21;
T_7.20 ;
    %load/vec4 v000001da1fb20fc0_0;
    %pushi/vec4 1, 0, 1;
    %cmp/e;
    %flag_get/vec4 4;
    %load/vec4 v000001da1fb20340_0;
    %and;
    %flag_set/vec4 8;
    %jmp/0xz  T_7.22, 8;
    %pushi/vec4 1, 0, 1;
    %assign/vec4 v000001da1fb21100_0, 0;
    %pushi/vec4 0, 0, 1;
    %assign/vec4 v000001da1fb1f440_0, 0;
    %pushi/vec4 0, 0, 1;
    %assign/vec4 v000001da1fb20480_0, 0;
    %pushi/vec4 0, 0, 1;
    %assign/vec4 v000001da1fb20660_0, 0;
    %pushi/vec4 0, 0, 1;
    %assign/vec4 v000001da1fb20f20_0, 0;
    %pushi/vec4 3, 0, 2;
    %assign/vec4 v000001da1fb1f4e0_0, 0;
T_7.22 ;
T_7.21 ;
T_7.19 ;
    %jmp T_7.7;
T_7.5 ;
    %load/vec4 v000001da1fb212e0_0;
    %flag_set/vec4 8;
    %jmp/0xz  T_7.24, 8;
    %pushi/vec4 1, 0, 1;
    %assign/vec4 v000001da1fb211a0_0, 0;
T_7.24 ;
    %load/vec4 v000001da1fb1f580_0;
    %load/vec4 v000001da1fb212e0_0;
    %load/vec4 v000001da1fb211a0_0;
    %or;
    %and;
    %flag_set/vec4 8;
    %jmp/0xz  T_7.26, 8;
    %load/vec4 v000001da1fb20fc0_0;
    %pushi/vec4 0, 0, 1;
    %cmp/e;
    %flag_get/vec4 4;
    %assign/vec4 v000001da1fb21100_0, 0;
    %load/vec4 v000001da1fb20fc0_0;
    %pushi/vec4 1, 0, 1;
    %cmp/e;
    %flag_get/vec4 4;
    %assign/vec4 v000001da1fb1f6c0_0, 0;
    %load/vec4 v000001da1fb20fc0_0;
    %assign/vec4 v000001da1fb1f440_0, 0;
    %load/vec4 v000001da1fb20fc0_0;
    %assign/vec4 v000001da1fb20480_0, 0;
    %load/vec4 v000001da1fb20fc0_0;
    %assign/vec4 v000001da1fb20660_0, 0;
    %load/vec4 v000001da1fb20fc0_0;
    %assign/vec4 v000001da1fb20f20_0, 0;
    %pushi/vec4 0, 0, 1;
    %assign/vec4 v000001da1fb211a0_0, 0;
    %pushi/vec4 1, 0, 2;
    %assign/vec4 v000001da1fb1f4e0_0, 0;
    %jmp T_7.27;
T_7.26 ;
    %load/vec4 v000001da1fb1f580_0;
    %load/vec4 v000001da1fb1f440_0;
    %pushi/vec4 0, 0, 1;
    %cmp/e;
    %flag_get/vec4 4;
    %load/vec4 v000001da1fb20340_0;
    %nor/r;
    %and;
    %load/vec4 v000001da1fb1f440_0;
    %pushi/vec4 1, 0, 1;
    %cmp/e;
    %flag_get/vec4 4;
    %load/vec4 v000001da1fb20e80_0;
    %nor/r;
    %and;
    %or;
    %and;
    %flag_set/vec4 8;
    %jmp/0xz  T_7.28, 8;
    %pushi/vec4 0, 0, 1;
    %assign/vec4 v000001da1fb21100_0, 0;
    %pushi/vec4 0, 0, 1;
    %assign/vec4 v000001da1fb1f6c0_0, 0;
    %pushi/vec4 2, 0, 2;
    %assign/vec4 v000001da1fb1f4e0_0, 0;
T_7.28 ;
T_7.27 ;
    %jmp T_7.7;
T_7.7 ;
    %pop/vec4 1;
T_7.1 ;
    %jmp T_7;
    .thread T_7;
    .scope S_000001da1f9665b0;
T_8 ;
    %wait E_000001da1fa93110;
    %pushi/vec4 0, 0, 1;
    %store/vec4 v000001da1fb1e830_0, 0, 1;
    %pushi/vec4 0, 0, 1;
    %store/vec4 v000001da1fb1e330_0, 0, 1;
    %pushi/vec4 0, 0, 3;
    %store/vec4 v000001da1fb1d4d0_0, 0, 3;
    %load/vec4 v000001da1fb1ec90_0;
    %flag_set/vec4 8;
    %jmp/0xz  T_8.0, 8;
    %load/vec4 v000001da1fb1edd0_0;
    %nor/r;
    %flag_set/vec4 8;
    %jmp/0xz  T_8.2, 8;
    %pushi/vec4 4, 0, 3;
    %store/vec4 v000001da1fb1d4d0_0, 0, 3;
    %pushi/vec4 1, 0, 1;
    %store/vec4 v000001da1fb1e330_0, 0, 1;
    %jmp T_8.3;
T_8.2 ;
    %load/vec4 v000001da1fb1e6f0_0;
    %dup/vec4;
    %pushi/vec4 0, 0, 2;
    %cmp/u;
    %jmp/1 T_8.4, 6;
    %dup/vec4;
    %pushi/vec4 1, 0, 2;
    %cmp/u;
    %jmp/1 T_8.5, 6;
    %dup/vec4;
    %pushi/vec4 2, 0, 2;
    %cmp/u;
    %jmp/1 T_8.6, 6;
    %dup/vec4;
    %pushi/vec4 3, 0, 2;
    %cmp/u;
    %jmp/1 T_8.7, 6;
    %pushi/vec4 0, 0, 3;
    %store/vec4 v000001da1fb1d4d0_0, 0, 3;
    %jmp T_8.9;
T_8.4 ;
    %pushi/vec4 1, 0, 3;
    %store/vec4 v000001da1fb1d4d0_0, 0, 3;
    %jmp T_8.9;
T_8.5 ;
    %pushi/vec4 2, 0, 3;
    %store/vec4 v000001da1fb1d4d0_0, 0, 3;
    %jmp T_8.9;
T_8.6 ;
    %pushi/vec4 4, 0, 3;
    %store/vec4 v000001da1fb1d4d0_0, 0, 3;
    %jmp T_8.9;
T_8.7 ;
    %pushi/vec4 1, 0, 1;
    %store/vec4 v000001da1fb1e830_0, 0, 1;
    %jmp T_8.9;
T_8.9 ;
    %pop/vec4 1;
T_8.3 ;
T_8.0 ;
    %load/vec4 v000001da1fb1d4d0_0;
    %parti/s 1, 0, 2;
    %store/vec4 v000001da1fb1e790_0, 0, 1;
    %load/vec4 v000001da1fb1d4d0_0;
    %parti/s 1, 1, 2;
    %store/vec4 v000001da1fb1e8d0_0, 0, 1;
    %load/vec4 v000001da1fb1d4d0_0;
    %parti/s 1, 2, 3;
    %store/vec4 v000001da1fb1d930_0, 0, 1;
    %jmp T_8;
    .thread T_8, $push;
    .scope S_000001da1f9c4830;
T_9 ;
    %wait E_000001da1fa92c10;
    %load/vec4 v000001da1fb1d7f0_0;
    %nor/r;
    %flag_set/vec4 8;
    %jmp/0xz  T_9.0, 8;
    %pushi/vec4 0, 0, 3;
    %assign/vec4 v000001da1fb205c0_0, 0;
    %pushi/vec4 0, 0, 2;
    %assign/vec4 v000001da1fb1f9e0_0, 0;
    %pushi/vec4 0, 0, 1;
    %assign/vec4 v000001da1fb1dd90_0, 0;
    %pushi/vec4 0, 0, 1;
    %assign/vec4 v000001da1fb1e0b0_0, 0;
    %pushi/vec4 0, 0, 3;
    %assign/vec4 v000001da1fb1eb50_0, 0;
    %jmp T_9.1;
T_9.0 ;
    %pushi/vec4 0, 0, 1;
    %assign/vec4 v000001da1fb1e0b0_0, 0;
    %load/vec4 v000001da1fb1dd90_0;
    %nor/r;
    %flag_set/vec4 8;
    %jmp/0xz  T_9.2, 8;
    %load/vec4 v000001da1fb1e150_0;
    %flag_set/vec4 8;
    %jmp/0xz  T_9.4, 8;
    %load/vec4 v000001da1fb1fee0_0;
    %assign/vec4 v000001da1fb205c0_0, 0;
    %pushi/vec4 1, 0, 2;
    %assign/vec4 v000001da1fb1f9e0_0, 0;
    %pushi/vec4 1, 0, 1;
    %assign/vec4 v000001da1fb1dd90_0, 0;
T_9.4 ;
    %jmp T_9.3;
T_9.2 ;
    %load/vec4 v000001da1fb1fee0_0;
    %assign/vec4 v000001da1fb205c0_0, 0;
    %load/vec4 v000001da1fb1f9e0_0;
    %addi 1, 0, 2;
    %assign/vec4 v000001da1fb1f9e0_0, 0;
    %load/vec4 v000001da1fb1f9e0_0;
    %pad/u 33;
    %addi 1, 0, 33;
    %cmpi/e 3, 0, 33;
    %jmp/0xz  T_9.6, 4;
    %pushi/vec4 1, 0, 1;
    %assign/vec4 v000001da1fb1e0b0_0, 0;
    %load/vec4 v000001da1fb1fee0_0;
    %assign/vec4 v000001da1fb1eb50_0, 0;
    %pushi/vec4 0, 0, 1;
    %assign/vec4 v000001da1fb1dd90_0, 0;
T_9.6 ;
T_9.3 ;
T_9.1 ;
    %jmp T_9;
    .thread T_9;
    .scope S_000001da1f9c4830;
T_10 ;
    %wait E_000001da1fa92c10;
    %load/vec4 v000001da1fb1d7f0_0;
    %nor/r;
    %flag_set/vec4 8;
    %jmp/0xz  T_10.0, 8;
    %pushi/vec4 0, 0, 1;
    %assign/vec4 v000001da1fb1d430_0, 0;
    %pushi/vec4 0, 0, 1;
    %assign/vec4 v000001da1fb1df70_0, 0;
    %pushi/vec4 0, 0, 1;
    %assign/vec4 v000001da1fb1dcf0_0, 0;
    %pushi/vec4 0, 0, 1;
    %assign/vec4 v000001da1fb1d750_0, 0;
    %pushi/vec4 0, 0, 1;
    %assign/vec4 v000001da1fb1f230_0, 0;
    %jmp T_10.1;
T_10.0 ;
    %load/vec4 v000001da1fb1e0b0_0;
    %flag_set/vec4 8;
    %jmp/0xz  T_10.2, 8;
    %load/vec4 v000001da1fb1d6b0_0;
    %assign/vec4 v000001da1fb1d430_0, 0;
    %load/vec4 v000001da1fb1e3d0_0;
    %assign/vec4 v000001da1fb1df70_0, 0;
    %load/vec4 v000001da1fb1de30_0;
    %assign/vec4 v000001da1fb1dcf0_0, 0;
    %load/vec4 v000001da1fb1f2d0_0;
    %assign/vec4 v000001da1fb1d750_0, 0;
    %load/vec4 v000001da1fb1dbb0_0;
    %assign/vec4 v000001da1fb1f230_0, 0;
    %jmp T_10.3;
T_10.2 ;
    %load/vec4 v000001da1fb1e150_0;
    %load/vec4 v000001da1fb1dd90_0;
    %nor/r;
    %and;
    %flag_set/vec4 8;
    %jmp/0xz  T_10.4, 8;
    %pushi/vec4 0, 0, 1;
    %assign/vec4 v000001da1fb1d430_0, 0;
    %pushi/vec4 0, 0, 1;
    %assign/vec4 v000001da1fb1df70_0, 0;
    %pushi/vec4 0, 0, 1;
    %assign/vec4 v000001da1fb1dcf0_0, 0;
    %pushi/vec4 0, 0, 1;
    %assign/vec4 v000001da1fb1d750_0, 0;
    %pushi/vec4 0, 0, 1;
    %assign/vec4 v000001da1fb1f230_0, 0;
T_10.4 ;
T_10.3 ;
T_10.1 ;
    %jmp T_10;
    .thread T_10;
    .scope S_000001da1f9c4830;
T_11 ;
    %wait E_000001da1fa92c10;
    %load/vec4 v000001da1fb1d7f0_0;
    %nor/r;
    %flag_set/vec4 8;
    %jmp/0xz  T_11.0, 8;
    %pushi/vec4 0, 0, 4;
    %assign/vec4 v000001da1fb1ee70_0, 0;
    %pushi/vec4 0, 0, 4;
    %assign/vec4 v000001da1fb20020_0, 0;
    %jmp T_11.1;
T_11.0 ;
    %load/vec4 v000001da1fb1ee70_0;
    %parti/s 3, 0, 2;
    %load/vec4 v000001da1fb1f050_0;
    %concat/vec4; draw_concat_vec4
    %assign/vec4 v000001da1fb1ee70_0, 0;
    %load/vec4 v000001da1fb20020_0;
    %parti/s 3, 0, 2;
    %load/vec4 v000001da1fb1e150_0;
    %concat/vec4; draw_concat_vec4
    %assign/vec4 v000001da1fb20020_0, 0;
T_11.1 ;
    %jmp T_11;
    .thread T_11;
    .scope S_000001da1fb34c50;
T_12 ;
    %wait E_000001da1fa92c10;
    %load/vec4 v000001da1fb328d0_0;
    %nor/r;
    %flag_set/vec4 8;
    %jmp/0xz  T_12.0, 8;
    %pushi/vec4 0, 0, 24;
    %assign/vec4 v000001da1fb3edb0_0, 0;
    %pushi/vec4 0, 0, 6;
    %assign/vec4 v000001da1fb33af0_0, 0;
    %pushi/vec4 0, 0, 1;
    %assign/vec4 v000001da1fb325b0_0, 0;
    %pushi/vec4 0, 0, 1;
    %assign/vec4 v000001da1fb34130_0, 0;
    %pushi/vec4 0, 0, 1;
    %assign/vec4 v000001da1fb3e770_0, 0;
    %pushi/vec4 0, 0, 15;
    %assign/vec4 v000001da1fb32830_0, 0;
    %pushi/vec4 0, 0, 8;
    %assign/vec4 v000001da1fb3d910_0, 0;
    %jmp T_12.1;
T_12.0 ;
    %pushi/vec4 0, 0, 1;
    %assign/vec4 v000001da1fb34130_0, 0;
    %load/vec4 v000001da1fb325b0_0;
    %nor/r;
    %flag_set/vec4 8;
    %jmp/0xz  T_12.2, 8;
    %load/vec4 v000001da1fb3f8f0_0;
    %flag_set/vec4 8;
    %jmp/0xz  T_12.4, 8;
    %load/vec4 v000001da1fb3fad0_0;
    %assign/vec4 v000001da1fb3edb0_0, 0;
    %pushi/vec4 1, 0, 6;
    %assign/vec4 v000001da1fb33af0_0, 0;
    %pushi/vec4 1, 0, 1;
    %assign/vec4 v000001da1fb325b0_0, 0;
T_12.4 ;
    %jmp T_12.3;
T_12.2 ;
    %load/vec4 v000001da1fb3fad0_0;
    %assign/vec4 v000001da1fb3edb0_0, 0;
    %load/vec4 v000001da1fb33af0_0;
    %addi 1, 0, 6;
    %assign/vec4 v000001da1fb33af0_0, 0;
    %load/vec4 v000001da1fb33af0_0;
    %pad/u 34;
    %addi 1, 0, 34;
    %cmpi/e 24, 0, 34;
    %jmp/0xz  T_12.6, 4;
    %load/vec4 v000001da1fb3fad0_0;
    %parti/s 1, 8, 5;
    %assign/vec4 v000001da1fb3e770_0, 0;
    %load/vec4 v000001da1fb3fad0_0;
    %parti/s 15, 9, 5;
    %assign/vec4 v000001da1fb32830_0, 0;
    %load/vec4 v000001da1fb3fad0_0;
    %parti/s 8, 0, 2;
    %assign/vec4 v000001da1fb3d910_0, 0;
    %pushi/vec4 1, 0, 1;
    %assign/vec4 v000001da1fb34130_0, 0;
    %pushi/vec4 0, 0, 1;
    %assign/vec4 v000001da1fb325b0_0, 0;
T_12.6 ;
T_12.3 ;
T_12.1 ;
    %jmp T_12;
    .thread T_12;
    .scope S_000001da1fb34de0;
T_13 ;
    %wait E_000001da1fa92c10;
    %load/vec4 v000001da1fb3ebd0_0;
    %nor/r;
    %flag_set/vec4 8;
    %jmp/0xz  T_13.0, 8;
    %pushi/vec4 0, 0, 3;
    %assign/vec4 v000001da1fb3f990_0, 0;
    %pushi/vec4 0, 0, 8;
    %assign/vec4 v000001da1fb3f850_0, 0;
    %pushi/vec4 0, 0, 1;
    %assign/vec4 v000001da1fb3db90_0, 0;
    %jmp T_13.1;
T_13.0 ;
    %load/vec4 v000001da1fb3df50_0;
    %load/vec4 v000001da1fb3db90_0;
    %nor/r;
    %and;
    %flag_set/vec4 8;
    %jmp/0xz  T_13.2, 8;
    %load/vec4 v000001da1fb3e3b0_0;
    %assign/vec4 v000001da1fb3f850_0, 0;
    %pushi/vec4 0, 0, 3;
    %assign/vec4 v000001da1fb3f990_0, 0;
    %pushi/vec4 1, 0, 1;
    %assign/vec4 v000001da1fb3db90_0, 0;
    %jmp T_13.3;
T_13.2 ;
    %load/vec4 v000001da1fb3db90_0;
    %flag_set/vec4 8;
    %jmp/0xz  T_13.4, 8;
    %load/vec4 v000001da1fb3f990_0;
    %cmpi/u 7, 0, 3;
    %jmp/0xz  T_13.6, 5;
    %load/vec4 v000001da1fb3f990_0;
    %addi 1, 0, 3;
    %assign/vec4 v000001da1fb3f990_0, 0;
    %load/vec4 v000001da1fb3f850_0;
    %parti/s 7, 0, 2;
    %concati/vec4 0, 0, 1;
    %assign/vec4 v000001da1fb3f850_0, 0;
    %jmp T_13.7;
T_13.6 ;
    %pushi/vec4 0, 0, 1;
    %assign/vec4 v000001da1fb3db90_0, 0;
T_13.7 ;
T_13.4 ;
T_13.3 ;
T_13.1 ;
    %jmp T_13;
    .thread T_13;
    .scope S_000001da1fb34480;
T_14 ;
    %wait E_000001da1fa92c10;
    %load/vec4 v000001da1fb3de10_0;
    %nor/r;
    %flag_set/vec4 8;
    %jmp/0xz  T_14.0, 8;
    %pushi/vec4 0, 0, 8;
    %assign/vec4 v000001da1fb3f7b0_0, 0;
    %pushi/vec4 0, 0, 1;
    %assign/vec4 v000001da1fb3da50_0, 0;
    %jmp T_14.1;
T_14.0 ;
    %pushi/vec4 0, 0, 1;
    %assign/vec4 v000001da1fb3da50_0, 0;
    %load/vec4 v000001da1fb3e6d0_0;
    %flag_set/vec4 8;
    %jmp/0xz  T_14.2, 8;
    %load/vec4 v000001da1fb3e8b0_0;
    %flag_set/vec4 8;
    %jmp/0xz  T_14.4, 8;
    %load/vec4 v000001da1fb3fa30_0;
    %load/vec4 v000001da1fb3dcd0_0;
    %parti/s 4, 0, 2;
    %pad/u 6;
    %ix/vec4 3;
    %ix/load 4, 0, 0; Constant delay
    %assign/vec4/a/d v000001da1fb3d550, 0, 4;
    %jmp T_14.5;
T_14.4 ;
    %load/vec4 v000001da1fb3dcd0_0;
    %parti/s 4, 0, 2;
    %pad/u 6;
    %ix/vec4 4;
    %load/vec4a v000001da1fb3d550, 4;
    %assign/vec4 v000001da1fb3f7b0_0, 0;
    %pushi/vec4 1, 0, 1;
    %assign/vec4 v000001da1fb3da50_0, 0;
T_14.5 ;
T_14.2 ;
T_14.1 ;
    %jmp T_14;
    .thread T_14;
    .scope S_000001da1fb35290;
T_15 ;
    %wait E_000001da1fa92c10;
    %load/vec4 v000001da1fb3fb70_0;
    %nor/r;
    %flag_set/vec4 8;
    %jmp/0xz  T_15.0, 8;
    %pushi/vec4 0, 0, 24;
    %assign/vec4 v000001da1fb3e1d0_0, 0;
    %pushi/vec4 0, 0, 6;
    %assign/vec4 v000001da1fb3e950_0, 0;
    %pushi/vec4 0, 0, 1;
    %assign/vec4 v000001da1fb3f350_0, 0;
    %pushi/vec4 0, 0, 1;
    %assign/vec4 v000001da1fb3d690_0, 0;
    %pushi/vec4 0, 0, 1;
    %assign/vec4 v000001da1fb3e450_0, 0;
    %pushi/vec4 0, 0, 15;
    %assign/vec4 v000001da1fb3e090_0, 0;
    %pushi/vec4 0, 0, 8;
    %assign/vec4 v000001da1fb3f670_0, 0;
    %jmp T_15.1;
T_15.0 ;
    %pushi/vec4 0, 0, 1;
    %assign/vec4 v000001da1fb3d690_0, 0;
    %load/vec4 v000001da1fb3f350_0;
    %nor/r;
    %flag_set/vec4 8;
    %jmp/0xz  T_15.2, 8;
    %load/vec4 v000001da1fb3d730_0;
    %flag_set/vec4 8;
    %jmp/0xz  T_15.4, 8;
    %load/vec4 v000001da1fb3e130_0;
    %assign/vec4 v000001da1fb3e1d0_0, 0;
    %pushi/vec4 1, 0, 6;
    %assign/vec4 v000001da1fb3e950_0, 0;
    %pushi/vec4 1, 0, 1;
    %assign/vec4 v000001da1fb3f350_0, 0;
T_15.4 ;
    %jmp T_15.3;
T_15.2 ;
    %load/vec4 v000001da1fb3e130_0;
    %assign/vec4 v000001da1fb3e1d0_0, 0;
    %load/vec4 v000001da1fb3e950_0;
    %addi 1, 0, 6;
    %assign/vec4 v000001da1fb3e950_0, 0;
    %load/vec4 v000001da1fb3e950_0;
    %pad/u 34;
    %addi 1, 0, 34;
    %cmpi/e 24, 0, 34;
    %jmp/0xz  T_15.6, 4;
    %load/vec4 v000001da1fb3e130_0;
    %parti/s 1, 8, 5;
    %assign/vec4 v000001da1fb3e450_0, 0;
    %load/vec4 v000001da1fb3e130_0;
    %parti/s 15, 9, 5;
    %assign/vec4 v000001da1fb3e090_0, 0;
    %load/vec4 v000001da1fb3e130_0;
    %parti/s 8, 0, 2;
    %assign/vec4 v000001da1fb3f670_0, 0;
    %pushi/vec4 1, 0, 1;
    %assign/vec4 v000001da1fb3d690_0, 0;
    %pushi/vec4 0, 0, 1;
    %assign/vec4 v000001da1fb3f350_0, 0;
T_15.6 ;
T_15.3 ;
T_15.1 ;
    %jmp T_15;
    .thread T_15;
    .scope S_000001da1fb34610;
T_16 ;
    %wait E_000001da1fa92c10;
    %load/vec4 v000001da1fb3f0d0_0;
    %nor/r;
    %flag_set/vec4 8;
    %jmp/0xz  T_16.0, 8;
    %pushi/vec4 0, 0, 3;
    %assign/vec4 v000001da1fb3d7d0_0, 0;
    %pushi/vec4 0, 0, 8;
    %assign/vec4 v000001da1fb3f3f0_0, 0;
    %pushi/vec4 0, 0, 1;
    %assign/vec4 v000001da1fb3f530_0, 0;
    %jmp T_16.1;
T_16.0 ;
    %load/vec4 v000001da1fb3ef90_0;
    %load/vec4 v000001da1fb3f530_0;
    %nor/r;
    %and;
    %flag_set/vec4 8;
    %jmp/0xz  T_16.2, 8;
    %load/vec4 v000001da1fb3eef0_0;
    %assign/vec4 v000001da1fb3f3f0_0, 0;
    %pushi/vec4 0, 0, 3;
    %assign/vec4 v000001da1fb3d7d0_0, 0;
    %pushi/vec4 1, 0, 1;
    %assign/vec4 v000001da1fb3f530_0, 0;
    %jmp T_16.3;
T_16.2 ;
    %load/vec4 v000001da1fb3f530_0;
    %flag_set/vec4 8;
    %jmp/0xz  T_16.4, 8;
    %load/vec4 v000001da1fb3d7d0_0;
    %cmpi/u 7, 0, 3;
    %jmp/0xz  T_16.6, 5;
    %load/vec4 v000001da1fb3d7d0_0;
    %addi 1, 0, 3;
    %assign/vec4 v000001da1fb3d7d0_0, 0;
    %load/vec4 v000001da1fb3f3f0_0;
    %parti/s 7, 0, 2;
    %concati/vec4 0, 0, 1;
    %assign/vec4 v000001da1fb3f3f0_0, 0;
    %jmp T_16.7;
T_16.6 ;
    %pushi/vec4 0, 0, 1;
    %assign/vec4 v000001da1fb3f530_0, 0;
T_16.7 ;
T_16.4 ;
T_16.3 ;
T_16.1 ;
    %jmp T_16;
    .thread T_16;
    .scope S_000001da1fb35100;
T_17 ;
    %wait E_000001da1fa92c10;
    %load/vec4 v000001da1fb40890_0;
    %nor/r;
    %flag_set/vec4 8;
    %jmp/0xz  T_17.0, 8;
    %pushi/vec4 0, 0, 8;
    %assign/vec4 v000001da1fb3fd50_0, 0;
    %pushi/vec4 0, 0, 1;
    %assign/vec4 v000001da1fb40070_0, 0;
    %jmp T_17.1;
T_17.0 ;
    %pushi/vec4 0, 0, 1;
    %assign/vec4 v000001da1fb40070_0, 0;
    %load/vec4 v000001da1fb40c50_0;
    %flag_set/vec4 8;
    %jmp/0xz  T_17.2, 8;
    %load/vec4 v000001da1fb41150_0;
    %flag_set/vec4 8;
    %jmp/0xz  T_17.4, 8;
    %load/vec4 v000001da1fb40930_0;
    %load/vec4 v000001da1fb3f490_0;
    %parti/s 4, 0, 2;
    %pad/u 6;
    %ix/vec4 3;
    %ix/load 4, 0, 0; Constant delay
    %assign/vec4/a/d v000001da1fb40d90, 0, 4;
    %jmp T_17.5;
T_17.4 ;
    %load/vec4 v000001da1fb3f490_0;
    %parti/s 4, 0, 2;
    %pad/u 6;
    %ix/vec4 4;
    %load/vec4a v000001da1fb40d90, 4;
    %assign/vec4 v000001da1fb3fd50_0, 0;
    %pushi/vec4 1, 0, 1;
    %assign/vec4 v000001da1fb40070_0, 0;
T_17.5 ;
T_17.2 ;
T_17.1 ;
    %jmp T_17;
    .thread T_17;
    .scope S_000001da1fb46f50;
T_18 ;
    %wait E_000001da1fa92c10;
    %load/vec4 v000001da1fb441c0_0;
    %nor/r;
    %flag_set/vec4 8;
    %jmp/0xz  T_18.0, 8;
    %pushi/vec4 0, 0, 24;
    %assign/vec4 v000001da1fb45200_0, 0;
    %pushi/vec4 0, 0, 6;
    %assign/vec4 v000001da1fb44da0_0, 0;
    %pushi/vec4 0, 0, 1;
    %assign/vec4 v000001da1fb44bc0_0, 0;
    %pushi/vec4 0, 0, 1;
    %assign/vec4 v000001da1fb44d00_0, 0;
    %pushi/vec4 0, 0, 1;
    %assign/vec4 v000001da1fb43d60_0, 0;
    %pushi/vec4 0, 0, 15;
    %assign/vec4 v000001da1fb44ee0_0, 0;
    %pushi/vec4 0, 0, 8;
    %assign/vec4 v000001da1fb43cc0_0, 0;
    %jmp T_18.1;
T_18.0 ;
    %pushi/vec4 0, 0, 1;
    %assign/vec4 v000001da1fb44d00_0, 0;
    %load/vec4 v000001da1fb44bc0_0;
    %nor/r;
    %flag_set/vec4 8;
    %jmp/0xz  T_18.2, 8;
    %load/vec4 v000001da1fb450c0_0;
    %flag_set/vec4 8;
    %jmp/0xz  T_18.4, 8;
    %load/vec4 v000001da1fb44260_0;
    %assign/vec4 v000001da1fb45200_0, 0;
    %pushi/vec4 1, 0, 6;
    %assign/vec4 v000001da1fb44da0_0, 0;
    %pushi/vec4 1, 0, 1;
    %assign/vec4 v000001da1fb44bc0_0, 0;
T_18.4 ;
    %jmp T_18.3;
T_18.2 ;
    %load/vec4 v000001da1fb44260_0;
    %assign/vec4 v000001da1fb45200_0, 0;
    %load/vec4 v000001da1fb44da0_0;
    %addi 1, 0, 6;
    %assign/vec4 v000001da1fb44da0_0, 0;
    %load/vec4 v000001da1fb44da0_0;
    %pad/u 34;
    %addi 1, 0, 34;
    %cmpi/e 24, 0, 34;
    %jmp/0xz  T_18.6, 4;
    %load/vec4 v000001da1fb44260_0;
    %parti/s 1, 8, 5;
    %assign/vec4 v000001da1fb43d60_0, 0;
    %load/vec4 v000001da1fb44260_0;
    %parti/s 15, 9, 5;
    %assign/vec4 v000001da1fb44ee0_0, 0;
    %load/vec4 v000001da1fb44260_0;
    %parti/s 8, 0, 2;
    %assign/vec4 v000001da1fb43cc0_0, 0;
    %pushi/vec4 1, 0, 1;
    %assign/vec4 v000001da1fb44d00_0, 0;
    %pushi/vec4 0, 0, 1;
    %assign/vec4 v000001da1fb44bc0_0, 0;
T_18.6 ;
T_18.3 ;
T_18.1 ;
    %jmp T_18;
    .thread T_18;
    .scope S_000001da1fb45e20;
T_19 ;
    %wait E_000001da1fa92c10;
    %load/vec4 v000001da1fb44300_0;
    %nor/r;
    %flag_set/vec4 8;
    %jmp/0xz  T_19.0, 8;
    %pushi/vec4 0, 0, 3;
    %assign/vec4 v000001da1fb43ea0_0, 0;
    %pushi/vec4 0, 0, 8;
    %assign/vec4 v000001da1fb444e0_0, 0;
    %pushi/vec4 0, 0, 1;
    %assign/vec4 v000001da1fb44580_0, 0;
    %jmp T_19.1;
T_19.0 ;
    %load/vec4 v000001da1fb446c0_0;
    %load/vec4 v000001da1fb44580_0;
    %nor/r;
    %and;
    %flag_set/vec4 8;
    %jmp/0xz  T_19.2, 8;
    %load/vec4 v000001da1fb44080_0;
    %assign/vec4 v000001da1fb444e0_0, 0;
    %pushi/vec4 0, 0, 3;
    %assign/vec4 v000001da1fb43ea0_0, 0;
    %pushi/vec4 1, 0, 1;
    %assign/vec4 v000001da1fb44580_0, 0;
    %jmp T_19.3;
T_19.2 ;
    %load/vec4 v000001da1fb44580_0;
    %flag_set/vec4 8;
    %jmp/0xz  T_19.4, 8;
    %load/vec4 v000001da1fb43ea0_0;
    %cmpi/u 7, 0, 3;
    %jmp/0xz  T_19.6, 5;
    %load/vec4 v000001da1fb43ea0_0;
    %addi 1, 0, 3;
    %assign/vec4 v000001da1fb43ea0_0, 0;
    %load/vec4 v000001da1fb444e0_0;
    %parti/s 7, 0, 2;
    %concati/vec4 0, 0, 1;
    %assign/vec4 v000001da1fb444e0_0, 0;
    %jmp T_19.7;
T_19.6 ;
    %pushi/vec4 0, 0, 1;
    %assign/vec4 v000001da1fb44580_0, 0;
T_19.7 ;
T_19.4 ;
T_19.3 ;
T_19.1 ;
    %jmp T_19;
    .thread T_19;
    .scope S_000001da1fb46dc0;
T_20 ;
    %wait E_000001da1fa92c10;
    %load/vec4 v000001da1fb51570_0;
    %nor/r;
    %flag_set/vec4 8;
    %jmp/0xz  T_20.0, 8;
    %pushi/vec4 0, 0, 2;
    %assign/vec4 v000001da1fb50350_0, 0;
    %pushi/vec4 0, 0, 1;
    %assign/vec4 v000001da1fb519d0_0, 0;
    %pushi/vec4 0, 0, 1;
    %assign/vec4 v000001da1fb50990_0, 0;
    %pushi/vec4 0, 0, 4;
    %assign/vec4 v000001da1fb51250_0, 0;
    %pushi/vec4 0, 0, 4;
    %assign/vec4 v000001da1fb448a0_0, 0;
    %pushi/vec4 0, 0, 8;
    %assign/vec4 v000001da1fb4f810_0, 0;
    %pushi/vec4 0, 0, 1;
    %assign/vec4 v000001da1fb50850_0, 0;
    %jmp T_20.1;
T_20.0 ;
    %pushi/vec4 0, 0, 1;
    %assign/vec4 v000001da1fb519d0_0, 0;
    %pushi/vec4 0, 0, 1;
    %assign/vec4 v000001da1fb50990_0, 0;
    %pushi/vec4 0, 0, 1;
    %assign/vec4 v000001da1fb50850_0, 0;
    %load/vec4 v000001da1fb50350_0;
    %dup/vec4;
    %pushi/vec4 0, 0, 2;
    %cmp/u;
    %jmp/1 T_20.2, 6;
    %dup/vec4;
    %pushi/vec4 1, 0, 2;
    %cmp/u;
    %jmp/1 T_20.3, 6;
    %dup/vec4;
    %pushi/vec4 2, 0, 2;
    %cmp/u;
    %jmp/1 T_20.4, 6;
    %dup/vec4;
    %pushi/vec4 3, 0, 2;
    %cmp/u;
    %jmp/1 T_20.5, 6;
    %pushi/vec4 0, 0, 2;
    %assign/vec4 v000001da1fb50350_0, 0;
    %jmp T_20.7;
T_20.2 ;
    %load/vec4 v000001da1fb44e40_0;
    %flag_set/vec4 8;
    %jmp/0xz  T_20.8, 8;
    %load/vec4 v000001da1fb51a70_0;
    %flag_set/vec4 8;
    %jmp/0xz  T_20.10, 8;
    %load/vec4 v000001da1fb51c50_0;
    %load/vec4 v000001da1fb44620_0;
    %parti/s 4, 0, 2;
    %pad/u 6;
    %ix/vec4 3;
    %ix/load 4, 0, 0; Constant delay
    %assign/vec4/a/d v000001da1fb45020, 0, 4;
    %jmp T_20.11;
T_20.10 ;
    %load/vec4 v000001da1fb44620_0;
    %parti/s 4, 0, 2;
    %assign/vec4 v000001da1fb448a0_0, 0;
    %pushi/vec4 1, 0, 1;
    %assign/vec4 v000001da1fb519d0_0, 0;
    %pushi/vec4 0, 0, 4;
    %assign/vec4 v000001da1fb51250_0, 0;
    %pushi/vec4 1, 0, 2;
    %assign/vec4 v000001da1fb50350_0, 0;
T_20.11 ;
T_20.8 ;
    %jmp T_20.7;
T_20.3 ;
    %load/vec4 v000001da1fb51250_0;
    %pad/u 32;
    %cmpi/e 9, 0, 32;
    %jmp/0xz  T_20.12, 4;
    %pushi/vec4 2, 0, 2;
    %assign/vec4 v000001da1fb50350_0, 0;
    %jmp T_20.13;
T_20.12 ;
    %load/vec4 v000001da1fb51250_0;
    %addi 1, 0, 4;
    %assign/vec4 v000001da1fb51250_0, 0;
T_20.13 ;
    %jmp T_20.7;
T_20.4 ;
    %load/vec4 v000001da1fb4fa90_0;
    %flag_set/vec4 8;
    %jmp/0xz  T_20.14, 8;
    %pushi/vec4 1, 0, 1;
    %assign/vec4 v000001da1fb50990_0, 0;
    %load/vec4 v000001da1fb448a0_0;
    %pad/u 6;
    %ix/vec4 4;
    %load/vec4a v000001da1fb45020, 4;
    %assign/vec4 v000001da1fb4f810_0, 0;
    %pushi/vec4 1, 0, 1;
    %assign/vec4 v000001da1fb50850_0, 0;
    %pushi/vec4 3, 0, 2;
    %assign/vec4 v000001da1fb50350_0, 0;
T_20.14 ;
    %jmp T_20.7;
T_20.5 ;
    %load/vec4 v000001da1fb44c60_0;
    %nor/r;
    %flag_set/vec4 8;
    %jmp/0xz  T_20.16, 8;
    %pushi/vec4 0, 0, 2;
    %assign/vec4 v000001da1fb50350_0, 0;
T_20.16 ;
    %jmp T_20.7;
T_20.7 ;
    %pop/vec4 1;
T_20.1 ;
    %jmp T_20;
    .thread T_20;
    .scope S_000001da1fb34f70;
T_21 ;
    %wait E_000001da1fa92c10;
    %load/vec4 v000001da1fb40ed0_0;
    %nor/r;
    %flag_set/vec4 8;
    %jmp/0xz  T_21.0, 8;
    %pushi/vec4 0, 0, 24;
    %assign/vec4 v000001da1fb41e20_0, 0;
    %pushi/vec4 0, 0, 6;
    %assign/vec4 v000001da1fb40250_0, 0;
    %pushi/vec4 0, 0, 1;
    %assign/vec4 v000001da1fb402f0_0, 0;
    %pushi/vec4 0, 0, 1;
    %assign/vec4 v000001da1fb40430_0, 0;
    %pushi/vec4 0, 0, 1;
    %assign/vec4 v000001da1fb437c0_0, 0;
    %pushi/vec4 0, 0, 15;
    %assign/vec4 v000001da1fb3fdf0_0, 0;
    %pushi/vec4 0, 0, 8;
    %assign/vec4 v000001da1fb41ec0_0, 0;
    %jmp T_21.1;
T_21.0 ;
    %pushi/vec4 0, 0, 1;
    %assign/vec4 v000001da1fb40430_0, 0;
    %load/vec4 v000001da1fb402f0_0;
    %nor/r;
    %flag_set/vec4 8;
    %jmp/0xz  T_21.2, 8;
    %load/vec4 v000001da1fb43ae0_0;
    %flag_set/vec4 8;
    %jmp/0xz  T_21.4, 8;
    %load/vec4 v000001da1fb42dc0_0;
    %assign/vec4 v000001da1fb41e20_0, 0;
    %pushi/vec4 1, 0, 6;
    %assign/vec4 v000001da1fb40250_0, 0;
    %pushi/vec4 1, 0, 1;
    %assign/vec4 v000001da1fb402f0_0, 0;
T_21.4 ;
    %jmp T_21.3;
T_21.2 ;
    %load/vec4 v000001da1fb42dc0_0;
    %assign/vec4 v000001da1fb41e20_0, 0;
    %load/vec4 v000001da1fb40250_0;
    %addi 1, 0, 6;
    %assign/vec4 v000001da1fb40250_0, 0;
    %load/vec4 v000001da1fb40250_0;
    %pad/u 34;
    %addi 1, 0, 34;
    %cmpi/e 24, 0, 34;
    %jmp/0xz  T_21.6, 4;
    %load/vec4 v000001da1fb42dc0_0;
    %parti/s 1, 8, 5;
    %assign/vec4 v000001da1fb437c0_0, 0;
    %load/vec4 v000001da1fb42dc0_0;
    %parti/s 15, 9, 5;
    %assign/vec4 v000001da1fb3fdf0_0, 0;
    %load/vec4 v000001da1fb42dc0_0;
    %parti/s 8, 0, 2;
    %assign/vec4 v000001da1fb41ec0_0, 0;
    %pushi/vec4 1, 0, 1;
    %assign/vec4 v000001da1fb40430_0, 0;
    %pushi/vec4 0, 0, 1;
    %assign/vec4 v000001da1fb402f0_0, 0;
T_21.6 ;
T_21.3 ;
T_21.1 ;
    %jmp T_21;
    .thread T_21;
    .scope S_000001da1fb347a0;
T_22 ;
    %wait E_000001da1fa92c10;
    %load/vec4 v000001da1fb40b10_0;
    %nor/r;
    %flag_set/vec4 8;
    %jmp/0xz  T_22.0, 8;
    %pushi/vec4 0, 0, 24;
    %assign/vec4 v000001da1fb404d0_0, 0;
    %pushi/vec4 0, 0, 5;
    %assign/vec4 v000001da1fb406b0_0, 0;
    %pushi/vec4 0, 0, 1;
    %assign/vec4 v000001da1fb41330_0, 0;
    %jmp T_22.1;
T_22.0 ;
    %load/vec4 v000001da1fb401b0_0;
    %flag_set/vec4 8;
    %jmp/0xz  T_22.2, 8;
    %load/vec4 v000001da1fb40110_0;
    %parti/s 23, 0, 2;
    %concati/vec4 0, 0, 1;
    %assign/vec4 v000001da1fb404d0_0, 0;
    %pushi/vec4 0, 0, 5;
    %assign/vec4 v000001da1fb406b0_0, 0;
    %pushi/vec4 1, 0, 1;
    %assign/vec4 v000001da1fb41330_0, 0;
    %jmp T_22.3;
T_22.2 ;
    %load/vec4 v000001da1fb41330_0;
    %flag_set/vec4 8;
    %jmp/0xz  T_22.4, 8;
    %load/vec4 v000001da1fb406b0_0;
    %pad/u 34;
    %cmpi/u 22, 0, 34;
    %jmp/0xz  T_22.6, 5;
    %load/vec4 v000001da1fb406b0_0;
    %addi 1, 0, 5;
    %assign/vec4 v000001da1fb406b0_0, 0;
    %load/vec4 v000001da1fb404d0_0;
    %parti/s 23, 0, 2;
    %concati/vec4 0, 0, 1;
    %assign/vec4 v000001da1fb404d0_0, 0;
    %jmp T_22.7;
T_22.6 ;
    %pushi/vec4 0, 0, 1;
    %assign/vec4 v000001da1fb41330_0, 0;
T_22.7 ;
T_22.4 ;
T_22.3 ;
T_22.1 ;
    %jmp T_22;
    .thread T_22;
    .scope S_000001da1fb34930;
T_23 ;
    %wait E_000001da1fa92c10;
    %load/vec4 v000001da1fb417e0_0;
    %nor/r;
    %flag_set/vec4 8;
    %jmp/0xz  T_23.0, 8;
    %pushi/vec4 0, 0, 3;
    %assign/vec4 v000001da1fb430e0_0, 0;
    %pushi/vec4 0, 0, 8;
    %assign/vec4 v000001da1fb41f60_0, 0;
    %pushi/vec4 0, 0, 1;
    %assign/vec4 v000001da1fb41ba0_0, 0;
    %jmp T_23.1;
T_23.0 ;
    %load/vec4 v000001da1fb41920_0;
    %load/vec4 v000001da1fb41ba0_0;
    %nor/r;
    %and;
    %flag_set/vec4 8;
    %jmp/0xz  T_23.2, 8;
    %pushi/vec4 1, 0, 1;
    %assign/vec4 v000001da1fb41ba0_0, 0;
    %pushi/vec4 0, 0, 3;
    %assign/vec4 v000001da1fb430e0_0, 0;
    %jmp T_23.3;
T_23.2 ;
    %load/vec4 v000001da1fb41ba0_0;
    %flag_set/vec4 8;
    %jmp/0xz  T_23.4, 8;
    %load/vec4 v000001da1fb430e0_0;
    %cmpi/u 7, 0, 3;
    %jmp/0xz  T_23.6, 5;
    %load/vec4 v000001da1fb41f60_0;
    %parti/s 7, 0, 2;
    %load/vec4 v000001da1fb43c20_0;
    %concat/vec4; draw_concat_vec4
    %assign/vec4 v000001da1fb41f60_0, 0;
    %load/vec4 v000001da1fb430e0_0;
    %addi 1, 0, 3;
    %assign/vec4 v000001da1fb430e0_0, 0;
    %jmp T_23.7;
T_23.6 ;
    %pushi/vec4 0, 0, 1;
    %assign/vec4 v000001da1fb41ba0_0, 0;
T_23.7 ;
T_23.4 ;
T_23.3 ;
T_23.1 ;
    %jmp T_23;
    .thread T_23;
    .scope S_000001da1fb47270;
T_24 ;
    %wait E_000001da1fa92c10;
    %load/vec4 v000001da1fb42f00_0;
    %nor/r;
    %flag_set/vec4 8;
    %jmp/0xz  T_24.0, 8;
    %pushi/vec4 0, 0, 3;
    %assign/vec4 v000001da1fb43360_0, 0;
    %pushi/vec4 0, 0, 8;
    %assign/vec4 v000001da1fb42320_0, 0;
    %pushi/vec4 0, 0, 1;
    %assign/vec4 v000001da1fb42c80_0, 0;
    %jmp T_24.1;
T_24.0 ;
    %load/vec4 v000001da1fb41c40_0;
    %load/vec4 v000001da1fb42c80_0;
    %nor/r;
    %and;
    %flag_set/vec4 8;
    %jmp/0xz  T_24.2, 8;
    %load/vec4 v000001da1fb42820_0;
    %assign/vec4 v000001da1fb42320_0, 0;
    %pushi/vec4 0, 0, 3;
    %assign/vec4 v000001da1fb43360_0, 0;
    %pushi/vec4 1, 0, 1;
    %assign/vec4 v000001da1fb42c80_0, 0;
    %jmp T_24.3;
T_24.2 ;
    %load/vec4 v000001da1fb42c80_0;
    %flag_set/vec4 8;
    %jmp/0xz  T_24.4, 8;
    %load/vec4 v000001da1fb43360_0;
    %cmpi/u 7, 0, 3;
    %jmp/0xz  T_24.6, 5;
    %load/vec4 v000001da1fb43360_0;
    %addi 1, 0, 3;
    %assign/vec4 v000001da1fb43360_0, 0;
    %load/vec4 v000001da1fb42320_0;
    %parti/s 7, 0, 2;
    %concati/vec4 0, 0, 1;
    %assign/vec4 v000001da1fb42320_0, 0;
    %jmp T_24.7;
T_24.6 ;
    %pushi/vec4 0, 0, 1;
    %assign/vec4 v000001da1fb42c80_0, 0;
T_24.7 ;
T_24.4 ;
T_24.3 ;
T_24.1 ;
    %jmp T_24;
    .thread T_24;
    .scope S_000001da1fb34ac0;
T_25 ;
    %wait E_000001da1fa92c10;
    %load/vec4 v000001da1fb425a0_0;
    %nor/r;
    %flag_set/vec4 8;
    %jmp/0xz  T_25.0, 8;
    %pushi/vec4 0, 0, 3;
    %assign/vec4 v000001da1fb43040_0, 0;
    %pushi/vec4 0, 0, 1;
    %assign/vec4 v000001da1fb42500_0, 0;
    %pushi/vec4 0, 0, 1;
    %assign/vec4 v000001da1fb41b00_0, 0;
    %pushi/vec4 0, 0, 1;
    %assign/vec4 v000001da1fb419c0_0, 0;
    %pushi/vec4 0, 0, 1;
    %assign/vec4 v000001da1fb41740_0, 0;
    %pushi/vec4 0, 0, 8;
    %assign/vec4 v000001da1fb41600_0, 0;
    %pushi/vec4 0, 0, 15;
    %assign/vec4 v000001da1fb43720_0, 0;
    %pushi/vec4 0, 0, 1;
    %assign/vec4 v000001da1fb452a0_0, 0;
    %pushi/vec4 0, 0, 8;
    %assign/vec4 v000001da1fb434a0_0, 0;
    %pushi/vec4 0, 0, 32;
    %assign/vec4 v000001da1fb43180_0, 0;
    %pushi/vec4 0, 0, 32;
    %assign/vec4 v000001da1fb41ce0_0, 0;
    %jmp T_25.1;
T_25.0 ;
    %pushi/vec4 0, 0, 1;
    %assign/vec4 v000001da1fb41b00_0, 0;
    %pushi/vec4 0, 0, 1;
    %assign/vec4 v000001da1fb41740_0, 0;
    %load/vec4 v000001da1fb41880_0;
    %assign/vec4 v000001da1fb419c0_0, 0;
    %load/vec4 v000001da1fb43040_0;
    %dup/vec4;
    %pushi/vec4 0, 0, 3;
    %cmp/u;
    %jmp/1 T_25.2, 6;
    %dup/vec4;
    %pushi/vec4 1, 0, 3;
    %cmp/u;
    %jmp/1 T_25.3, 6;
    %dup/vec4;
    %pushi/vec4 2, 0, 3;
    %cmp/u;
    %jmp/1 T_25.4, 6;
    %dup/vec4;
    %pushi/vec4 3, 0, 3;
    %cmp/u;
    %jmp/1 T_25.5, 6;
    %dup/vec4;
    %pushi/vec4 4, 0, 3;
    %cmp/u;
    %jmp/1 T_25.6, 6;
    %dup/vec4;
    %pushi/vec4 5, 0, 3;
    %cmp/u;
    %jmp/1 T_25.7, 6;
    %pushi/vec4 0, 0, 3;
    %assign/vec4 v000001da1fb43040_0, 0;
    %jmp T_25.9;
T_25.2 ;
    %load/vec4 v000001da1fb42460_0;
    %flag_set/vec4 8;
    %jmp/0xz  T_25.10, 8;
    %load/vec4 v000001da1fb42280_0;
    %assign/vec4 v000001da1fb43720_0, 0;
    %load/vec4 v000001da1fb435e0_0;
    %assign/vec4 v000001da1fb452a0_0, 0;
    %load/vec4 v000001da1fb432c0_0;
    %assign/vec4 v000001da1fb434a0_0, 0;
    %pushi/vec4 1, 0, 1;
    %assign/vec4 v000001da1fb42500_0, 0;
    %pushi/vec4 0, 0, 32;
    %assign/vec4 v000001da1fb43180_0, 0;
    %pushi/vec4 1, 0, 3;
    %assign/vec4 v000001da1fb43040_0, 0;
T_25.10 ;
    %jmp T_25.9;
T_25.3 ;
    %load/vec4 v000001da1fb42140_0;
    %flag_set/vec4 8;
    %jmp/0xz  T_25.12, 8;
    %pushi/vec4 1, 0, 1;
    %assign/vec4 v000001da1fb41b00_0, 0;
    %pushi/vec4 0, 0, 32;
    %assign/vec4 v000001da1fb43180_0, 0;
    %pushi/vec4 2, 0, 3;
    %assign/vec4 v000001da1fb43040_0, 0;
T_25.12 ;
    %jmp T_25.9;
T_25.4 ;
    %load/vec4 v000001da1fb428c0_0;
    %flag_set/vec4 8;
    %jmp/0xz  T_25.14, 8;
    %load/vec4 v000001da1fb452a0_0;
    %flag_set/vec4 8;
    %jmp/0 T_25.16, 8;
    %pushi/vec4 0, 0, 8;
    %jmp/1 T_25.17, 8;
T_25.16 ; End of true expr.
    %load/vec4 v000001da1fb43540_0;
    %jmp/0 T_25.17, 8;
 ; End of false expr.
    %blend;
T_25.17;
    %assign/vec4 v000001da1fb41600_0, 0;
    %pushi/vec4 0, 0, 1;
    %assign/vec4 v000001da1fb42500_0, 0;
    %pushi/vec4 0, 0, 32;
    %assign/vec4 v000001da1fb43180_0, 0;
    %pushi/vec4 4, 0, 3;
    %assign/vec4 v000001da1fb43040_0, 0;
    %jmp T_25.15;
T_25.14 ;
    %load/vec4 v000001da1fb43180_0;
    %cmpi/u 40, 0, 32;
    %flag_inv 5; GE is !LT
    %jmp/0xz  T_25.18, 5;
    %pushi/vec4 0, 0, 1;
    %assign/vec4 v000001da1fb42500_0, 0;
    %pushi/vec4 0, 0, 32;
    %assign/vec4 v000001da1fb43180_0, 0;
    %pushi/vec4 0, 0, 32;
    %assign/vec4 v000001da1fb41ce0_0, 0;
    %pushi/vec4 3, 0, 3;
    %assign/vec4 v000001da1fb43040_0, 0;
    %jmp T_25.19;
T_25.18 ;
    %load/vec4 v000001da1fb43180_0;
    %addi 1, 0, 32;
    %assign/vec4 v000001da1fb43180_0, 0;
T_25.19 ;
T_25.15 ;
    %jmp T_25.9;
T_25.5 ;
    %load/vec4 v000001da1fb41ce0_0;
    %cmpi/u 5, 0, 32;
    %flag_inv 5; GE is !LT
    %jmp/0xz  T_25.20, 5;
    %pushi/vec4 0, 0, 32;
    %assign/vec4 v000001da1fb41ce0_0, 0;
    %pushi/vec4 1, 0, 1;
    %assign/vec4 v000001da1fb42500_0, 0;
    %pushi/vec4 1, 0, 3;
    %assign/vec4 v000001da1fb43040_0, 0;
    %jmp T_25.21;
T_25.20 ;
    %load/vec4 v000001da1fb41ce0_0;
    %addi 1, 0, 32;
    %assign/vec4 v000001da1fb41ce0_0, 0;
T_25.21 ;
    %jmp T_25.9;
T_25.6 ;
    %pushi/vec4 1, 0, 1;
    %assign/vec4 v000001da1fb41740_0, 0;
    %pushi/vec4 5, 0, 3;
    %assign/vec4 v000001da1fb43040_0, 0;
    %jmp T_25.9;
T_25.7 ;
    %load/vec4 v000001da1fb41560_0;
    %nor/r;
    %flag_set/vec4 8;
    %jmp/0xz  T_25.22, 8;
    %pushi/vec4 0, 0, 3;
    %assign/vec4 v000001da1fb43040_0, 0;
T_25.22 ;
    %jmp T_25.9;
T_25.9 ;
    %pop/vec4 1;
T_25.1 ;
    %jmp T_25;
    .thread T_25;
    .scope S_000001da1f98abe0;
T_26 ;
    %pushi/vec4 0, 0, 1;
    %store/vec4 v000001da1fb52b50_0, 0, 1;
    %end;
    .thread T_26;
    .scope S_000001da1f98abe0;
T_27 ;
    %delay 5000, 0;
    %load/vec4 v000001da1fb52b50_0;
    %inv;
    %store/vec4 v000001da1fb52b50_0, 0, 1;
    %jmp T_27;
    .thread T_27;
    .scope S_000001da1f98abe0;
T_28 ;
    %pushi/vec4 0, 0, 1;
    %store/vec4 v000001da1fb52e70_0, 0, 1;
    %pushi/vec4 5, 0, 32;
T_28.0 %dup/vec4;
    %pushi/vec4 0, 0, 32;
    %cmp/s;
    %jmp/1xz T_28.1, 5;
    %jmp/1 T_28.1, 4;
    %pushi/vec4 1, 0, 32;
    %sub;
    %wait E_000001da1fa929d0;
    %jmp T_28.0;
T_28.1 ;
    %pop/vec4 1;
    %wait E_000001da1fa92890;
    %pushi/vec4 1, 0, 1;
    %store/vec4 v000001da1fb52e70_0, 0, 1;
    %end;
    .thread T_28;
    .scope S_000001da1f98abe0;
T_29 ;
    %pushi/vec4 0, 0, 1;
    %force/vec4 v000001da1fb1ed30_0;
    %end;
    .thread T_29;
    .scope S_000001da1f98abe0;
T_30 ;
    %pushi/vec4 0, 0, 32;
    %store/vec4 v000001da1fb52f10_0, 0, 32;
T_30.0 ;
    %load/vec4 v000001da1fb52e70_0;
    %pushi/vec4 1, 0, 1;
    %cmp/e;
    %flag_get/vec4 4;
    %cmpi/ne 1, 0, 1;
    %jmp/0xz T_30.1, 6;
    %wait E_000001da1fa92790;
    %jmp T_30.0;
T_30.1 ;
    %delay 200000000, 0;
    %vpi_call/w 3 37 "$display", "---- Master 0 only ----" {0 0 0};
    %pushi/vec4 0, 0, 32; draw_string_vec4
    %pushi/vec4 0, 0, 32; draw_string_vec4
    %concat/vec4; draw_string_vec4
    %pushi/vec4 19760, 0, 32; draw_string_vec4
    %concat/vec4; draw_string_vec4
    %pushi/vec4 544503857, 0, 32; draw_string_vec4
    %concat/vec4; draw_string_vec4
    %store/vec4 v000001da1fac8610_0, 0, 128;
    %ix/load 4, 1, 0;
    %flag_set/imm 4, 0;
    %load/vec4a v000001da1fa7c820, 4;
    %store/vec4 v000001da1fac9dd0_0, 0, 8;
    %pushi/vec4 17, 0, 8;
    %store/vec4 v000001da1fac9d30_0, 0, 8;
    %fork TD_tb_single.check_byte, S_000001da1f98ad70;
    %join;
    %pushi/vec4 0, 0, 32; draw_string_vec4
    %pushi/vec4 0, 0, 32; draw_string_vec4
    %concat/vec4; draw_string_vec4
    %pushi/vec4 19760, 0, 32; draw_string_vec4
    %concat/vec4; draw_string_vec4
    %pushi/vec4 544503859, 0, 32; draw_string_vec4
    %concat/vec4; draw_string_vec4
    %store/vec4 v000001da1fac8610_0, 0, 128;
    %ix/load 4, 3, 0;
    %flag_set/imm 4, 0;
    %load/vec4a v000001da1fa7c820, 4;
    %store/vec4 v000001da1fac9dd0_0, 0, 8;
    %pushi/vec4 34, 0, 8;
    %store/vec4 v000001da1fac9d30_0, 0, 8;
    %fork TD_tb_single.check_byte, S_000001da1f98ad70;
    %join;
    %pushi/vec4 0, 0, 32; draw_string_vec4
    %pushi/vec4 0, 0, 32; draw_string_vec4
    %concat/vec4; draw_string_vec4
    %pushi/vec4 19760, 0, 32; draw_string_vec4
    %concat/vec4; draw_string_vec4
    %pushi/vec4 544503863, 0, 32; draw_string_vec4
    %concat/vec4; draw_string_vec4
    %store/vec4 v000001da1fac8610_0, 0, 128;
    %ix/load 4, 7, 0;
    %flag_set/imm 4, 0;
    %load/vec4a v000001da1fa7c820, 4;
    %store/vec4 v000001da1fac9dd0_0, 0, 8;
    %pushi/vec4 68, 0, 8;
    %store/vec4 v000001da1fac9d30_0, 0, 8;
    %fork TD_tb_single.check_byte, S_000001da1f98ad70;
    %join;
    %load/vec4 v000001da1fb52f10_0;
    %cmpi/e 0, 0, 32;
    %jmp/0xz  T_30.2, 4;
    %vpi_call/w 3 41 "$display", "ALL PASS" {0 0 0};
    %jmp T_30.3;
T_30.2 ;
    %vpi_call/w 3 42 "$display", "%0d FAILED", v000001da1fb52f10_0 {0 0 0};
T_30.3 ;
    %vpi_call/w 3 43 "$finish" {0 0 0};
    %end;
    .thread T_30;
    .scope S_000001da1f98abe0;
T_31 ;
    %delay 500000000, 0;
    %vpi_call/w 3 45 "$display", "TIMEOUT" {0 0 0};
    %vpi_call/w 3 45 "$finish" {0 0 0};
    %end;
    .thread T_31;
# The file index is used to find the file name in the following table.
:file_names 20;
    "N/A";
    "<interactive>";
    "-";
    "tb_single.v";
    "serial_bus_top.v";
    "m1_select_mux.v";
    "master.v";
    "addr_serializer.v";
    "deserializer.v";
    "serial_system_bus.v";
    "addr_redirect.v";
    "addr_decoder.v";
    "arbiter.v";
    "master_request_mux.v";
    "slave_response_mux.v";
    "slave.v";
    "addr_data_deserializer.v";
    "Serializer.v";
    "slave_bridge.v";
    "slave_split.v";
